#! /mingw64/bin/vvp
:ivl_version "13.0 (stable)" "(v13_0)";
:ivl_delay_selection "TYPICAL";
:vpi_time_precision - 12;
:vpi_module "C:\msys64\mingw64\lib\ivl\system.vpi";
:vpi_module "C:\msys64\mingw64\lib\ivl\vhdl_sys.vpi";
:vpi_module "C:\msys64\mingw64\lib\ivl\vhdl_textio.vpi";
:vpi_module "C:\msys64\mingw64\lib\ivl\v2005_math.vpi";
:vpi_module "C:\msys64\mingw64\lib\ivl\va_math.vpi";
:vpi_module "C:\msys64\mingw64\lib\ivl\v2009.vpi";
S_0000020e3de7d1c0 .scope package, "$unit" "$unit" 2 1;
 .timescale 0 0;
S_0000020e3dd98640 .scope module, "tb_alu_ascensor" "tb_alu_ascensor" 3 6;
 .timescale -9 -12;
v0000020e3df009c0_0 .var "clk", 0 0;
v0000020e3defffc0_0 .net "done", 0 0, L_0000020e3df87570;  1 drivers
v0000020e3df00c40_0 .var "done_prev", 0 0;
v0000020e3defff20_0 .var "load", 0 0;
v0000020e3df016e0_0 .var "op", 0 0;
v0000020e3deff660_0 .net "piso_actual", 3 0, L_0000020e3de67e40;  1 drivers
v0000020e3df00060_0 .var "piso_init", 3 0;
v0000020e3df00240_0 .var "piso_prev", 3 0;
v0000020e3df006a0_0 .var "pisos_delta", 3 0;
v0000020e3df002e0_0 .net "pwm_level", 2 0, L_0000020e3df6e940;  1 drivers
v0000020e3df00a60_0 .var "rst_n", 0 0;
v0000020e3df00b00_0 .net "seg", 6 0, L_0000020e3df9f570;  1 drivers
E_0000020e3de4a280 .event posedge, v0000020e3df00ec0_0;
S_0000020e3dd8a410 .scope autotask, "do_test" "do_test" 3 88, 3 88 0, S_0000020e3dd98640;
 .timescale -9 -12;
v0000020e3de6a630_0 .var "direccion", 0 0;
v0000020e3de6b170_0 .var/i "espera_ns", 31 0;
v0000020e3de68bf0_0 .var "esperado", 3 0;
v0000020e3de697d0_0 .var "p_delta", 3 0;
v0000020e3de69af0_0 .var "p_init", 3 0;
TD_tb_alu_ascensor.do_test ;
    %load/vec4 v0000020e3de69af0_0;
    %store/vec4 v0000020e3df00060_0, 0, 4;
    %load/vec4 v0000020e3de697d0_0;
    %store/vec4 v0000020e3df006a0_0, 0, 4;
    %load/vec4 v0000020e3de6a630_0;
    %store/vec4 v0000020e3df016e0_0, 0, 1;
    %delay 10000, 0;
    %pushi/vec4 1, 0, 1;
    %store/vec4 v0000020e3defff20_0, 0, 1;
    %delay 10000, 0;
    %pushi/vec4 0, 0, 1;
    %store/vec4 v0000020e3defff20_0, 0, 1;
    %load/vec4 v0000020e3de6b170_0;
    %pad/s 64;
    %muli 1000, 0, 64;
    %ix/vec4 4;
    %delayx 4;
    %vpi_call/w 3 101 "$display", "|----------------------------------------------------------------------|" {0 0 0};
    %load/vec4 v0000020e3deff660_0;
    %load/vec4 v0000020e3de68bf0_0;
    %cmp/e;
    %flag_mov 8, 4;
    %jmp/0 T_0.0, 8;
    %pushi/vec4 1346458451, 0, 32; draw_string_vec4
    %jmp/1 T_0.1, 8;
T_0.0 ; End of true expr.
    %pushi/vec4 1178683724, 0, 32; draw_string_vec4
    %jmp/0 T_0.1, 8;
 ; End of false expr.
    %blend;
T_0.1;
    %vpi_call/w 3 102 "$display", "Resultado: %2d | Esperado: %2d | done: %b | %s\012", v0000020e3deff660_0, v0000020e3de68bf0_0, v0000020e3defffc0_0, S<0,vec4,u32> {1 0 0};
    %end;
S_0000020e3dd8a5a0 .scope module, "dut" "ALU" 3 15, 4 6 0, S_0000020e3dd98640;
 .timescale -9 -12;
    .port_info 0 /INPUT 1 "clk";
    .port_info 1 /INPUT 1 "rst_n";
    .port_info 2 /INPUT 4 "piso_init";
    .port_info 3 /INPUT 4 "pisos_delta";
    .port_info 4 /INPUT 1 "load";
    .port_info 5 /INPUT 1 "op";
    .port_info 6 /OUTPUT 4 "piso_actual";
    .port_info 7 /OUTPUT 3 "pwm_level";
    .port_info 8 /OUTPUT 7 "seg";
    .port_info 9 /OUTPUT 1 "done";
P_0000020e3dd910c0 .param/l "CLK_FREQ" 0 4 7, +C4<00000000000000000000000000001010>;
P_0000020e3dd910f8 .param/l "TIMER_BITS" 1 4 23, +C4<00000000000000000000000000000100>;
P_0000020e3dd91130 .param/l "TIMER_MAX" 1 4 22, +C4<00000000000000000000000000001001>;
L_0000020e3de67040 .functor OR 1, v0000020e3defff20_0, L_0000020e3deff8e0, C4<0>, C4<0>;
L_0000020e3de67ac0 .functor NOT 1, L_0000020e3de67040, C4<0>, C4<0>, C4<0>;
L_0000020e3de67c80 .functor AND 4, L_0000020e3deff980, L_0000020e3df00ba0, C4<1111>, C4<1111>;
L_0000020e3de67e40 .functor BUFZ 4, v0000020e3deda5e0_0, C4<0000>, C4<0000>, C4<0000>;
L_0000020e3df75980 .functor NOT 1, v0000020e3df016e0_0, C4<0>, C4<0>, C4<0>;
L_0000020e3df746b0 .functor AND 1, L_0000020e3df75980, L_0000020e3df6caa0, C4<1>, C4<1>;
L_0000020e3df74f70 .functor AND 1, v0000020e3df016e0_0, L_0000020e3df6c460, C4<1>, C4<1>;
L_0000020e3df74950 .functor OR 1, L_0000020e3df746b0, L_0000020e3df74f70, C4<0>, C4<0>;
L_0000020e3df75590 .functor NOT 1, v0000020e3df016e0_0, C4<0>, C4<0>, C4<0>;
L_0000020e3df75b40 .functor AND 1, L_0000020e3df75590, L_0000020e3df6c280, C4<1>, C4<1>;
L_0000020e3df74aa0 .functor AND 1, v0000020e3df016e0_0, L_0000020e3df6dcc0, C4<1>, C4<1>;
L_0000020e3df74410 .functor OR 1, L_0000020e3df75b40, L_0000020e3df74aa0, C4<0>, C4<0>;
L_0000020e3df74870 .functor NOT 1, v0000020e3df016e0_0, C4<0>, C4<0>, C4<0>;
L_0000020e3df75830 .functor AND 1, L_0000020e3df74870, L_0000020e3df6e580, C4<1>, C4<1>;
L_0000020e3df741e0 .functor AND 1, v0000020e3df016e0_0, L_0000020e3df6c140, C4<1>, C4<1>;
L_0000020e3df74800 .functor OR 1, L_0000020e3df75830, L_0000020e3df741e0, C4<0>, C4<0>;
L_0000020e3df75a60 .functor NOT 1, v0000020e3df016e0_0, C4<0>, C4<0>, C4<0>;
L_0000020e3df74b80 .functor AND 1, L_0000020e3df75a60, L_0000020e3df6e120, C4<1>, C4<1>;
L_0000020e3df745d0 .functor AND 1, v0000020e3df016e0_0, L_0000020e3df6c820, C4<1>, C4<1>;
L_0000020e3df744f0 .functor OR 1, L_0000020e3df74b80, L_0000020e3df745d0, C4<0>, C4<0>;
L_0000020e3df75440 .functor NOT 1, v0000020e3df016e0_0, C4<0>, C4<0>, C4<0>;
L_0000020e3df75280 .functor AND 1, L_0000020e3df75440, L_0000020e3df6c8c0, C4<1>, C4<1>;
L_0000020e3df749c0 .functor AND 1, v0000020e3df016e0_0, L_0000020e3df6d5e0, C4<1>, C4<1>;
L_0000020e3df74480 .functor OR 1, L_0000020e3df75280, L_0000020e3df749c0, C4<0>, C4<0>;
L_0000020e3df75910 .functor NOT 1, v0000020e3df016e0_0, C4<0>, C4<0>, C4<0>;
L_0000020e3df75050 .functor AND 1, L_0000020e3df75910, L_0000020e3df6dfe0, C4<1>, C4<1>;
L_0000020e3df75210 .functor AND 1, v0000020e3df016e0_0, L_0000020e3df6de00, C4<1>, C4<1>;
L_0000020e3df75ad0 .functor OR 1, L_0000020e3df75050, L_0000020e3df75210, C4<0>, C4<0>;
L_0000020e3df754b0 .functor NOT 1, v0000020e3df016e0_0, C4<0>, C4<0>, C4<0>;
L_0000020e3df75520 .functor AND 1, L_0000020e3df754b0, L_0000020e3df6e760, C4<1>, C4<1>;
L_0000020e3df74db0 .functor AND 1, v0000020e3df016e0_0, L_0000020e3df6c3c0, C4<1>, C4<1>;
L_0000020e3df75600 .functor OR 1, L_0000020e3df75520, L_0000020e3df74db0, C4<0>, C4<0>;
L_0000020e3df75bb0 .functor NOT 1, v0000020e3df016e0_0, C4<0>, C4<0>, C4<0>;
L_0000020e3df74790 .functor AND 1, L_0000020e3df75bb0, L_0000020e3df6d680, C4<1>, C4<1>;
L_0000020e3df74a30 .functor AND 1, v0000020e3df016e0_0, L_0000020e3df6d720, C4<1>, C4<1>;
L_0000020e3df74720 .functor OR 1, L_0000020e3df74790, L_0000020e3df74a30, C4<0>, C4<0>;
L_0000020e3df74e20 .functor OR 1, L_0000020e3df6dd60, L_0000020e3df6cd20, C4<0>, C4<0>;
L_0000020e3df748e0 .functor OR 1, L_0000020e3df74e20, L_0000020e3df6e620, C4<0>, C4<0>;
L_0000020e3df74560 .functor OR 1, L_0000020e3df748e0, L_0000020e3df6d7c0, C4<0>, C4<0>;
L_0000020e3df750c0 .functor NOT 1, L_0000020e3df74560, C4<0>, C4<0>, C4<0>;
L_0000020e3df751a0 .functor NOT 1, v0000020e3df016e0_0, C4<0>, C4<0>, C4<0>;
L_0000020e3df74250 .functor AND 1, L_0000020e3df751a0, L_0000020e3df74560, C4<1>, C4<1>;
L_0000020e3df743a0 .functor AND 1, L_0000020e3df74250, L_0000020e3de67dd0, C4<1>, C4<1>;
L_0000020e3df75360 .functor OR 1, L_0000020e3df750c0, L_0000020e3df743a0, C4<0>, C4<0>;
L_0000020e3df74e90 .functor AND 1, v0000020e3df016e0_0, L_0000020e3df74560, C4<1>, C4<1>;
L_0000020e3df753d0 .functor AND 1, L_0000020e3df74e90, L_0000020e3df73ba0, C4<1>, C4<1>;
L_0000020e3df74f00 .functor OR 1, L_0000020e3df75360, L_0000020e3df753d0, C4<0>, C4<0>;
L_0000020e3df061a8 .functor BUFT 1, C4<1>, C4<0>, C4<0>, C4<0>;
L_0000020e3df74b10 .functor XOR 1, L_0000020e3df6dae0, L_0000020e3df061a8, C4<0>, C4<0>;
L_0000020e3df75670 .functor NOT 1, L_0000020e3df6d900, C4<0>, C4<0>, C4<0>;
L_0000020e3df756e0 .functor XOR 1, L_0000020e3df6c500, L_0000020e3df75670, C4<0>, C4<0>;
L_0000020e3df74170 .functor NOT 1, L_0000020e3df6e6c0, C4<0>, C4<0>, C4<0>;
L_0000020e3df75750 .functor AND 1, L_0000020e3df74170, L_0000020e3df75670, C4<1>, C4<1>;
L_0000020e3df742c0 .functor XOR 1, L_0000020e3df6c0a0, L_0000020e3df75750, C4<0>, C4<0>;
L_0000020e3df75c20 .functor NOT 1, L_0000020e3df6cb40, C4<0>, C4<0>, C4<0>;
L_0000020e3df74090 .functor AND 1, L_0000020e3df75c20, L_0000020e3df75750, C4<1>, C4<1>;
L_0000020e3df74100 .functor XOR 1, L_0000020e3df6d4a0, L_0000020e3df74090, C4<0>, C4<0>;
L_0000020e3df74330 .functor OR 1, v0000020e3defff20_0, L_0000020e3deff8e0, C4<0>, C4<0>;
L_0000020e3df75ec0 .functor AND 1, v0000020e3defff20_0, L_0000020e3df6d040, C4<1>, C4<1>;
L_0000020e3df75fa0 .functor NOT 1, v0000020e3defff20_0, C4<0>, C4<0>, C4<0>;
L_0000020e3df75d00 .functor NOT 1, L_0000020e3df74f00, C4<0>, C4<0>, C4<0>;
L_0000020e3df75f30 .functor AND 1, L_0000020e3df75fa0, L_0000020e3df75d00, C4<1>, C4<1>;
L_0000020e3df75e50 .functor AND 1, L_0000020e3df75f30, L_0000020e3df6c5a0, C4<1>, C4<1>;
L_0000020e3df75c90 .functor OR 1, L_0000020e3df75ec0, L_0000020e3df75e50, C4<0>, C4<0>;
L_0000020e3df75d70 .functor NOT 1, v0000020e3defff20_0, C4<0>, C4<0>, C4<0>;
L_0000020e3df75de0 .functor AND 1, L_0000020e3df75d70, L_0000020e3df74f00, C4<1>, C4<1>;
L_0000020e3df84d30 .functor AND 1, L_0000020e3df75de0, L_0000020e3df6c640, C4<1>, C4<1>;
L_0000020e3df85f20 .functor OR 1, L_0000020e3df75c90, L_0000020e3df84d30, C4<0>, C4<0>;
L_0000020e3df855f0 .functor AND 1, v0000020e3defff20_0, L_0000020e3df6cc80, C4<1>, C4<1>;
L_0000020e3df85f90 .functor NOT 1, v0000020e3defff20_0, C4<0>, C4<0>, C4<0>;
L_0000020e3df85200 .functor NOT 1, L_0000020e3df74f00, C4<0>, C4<0>, C4<0>;
L_0000020e3df85660 .functor AND 1, L_0000020e3df85f90, L_0000020e3df85200, C4<1>, C4<1>;
L_0000020e3df86150 .functor AND 1, L_0000020e3df85660, L_0000020e3df6da40, C4<1>, C4<1>;
L_0000020e3df84940 .functor OR 1, L_0000020e3df855f0, L_0000020e3df86150, C4<0>, C4<0>;
L_0000020e3df861c0 .functor NOT 1, v0000020e3defff20_0, C4<0>, C4<0>, C4<0>;
L_0000020e3df84860 .functor AND 1, L_0000020e3df861c0, L_0000020e3df74f00, C4<1>, C4<1>;
L_0000020e3df85820 .functor AND 1, L_0000020e3df84860, L_0000020e3df6e800, C4<1>, C4<1>;
L_0000020e3df86230 .functor OR 1, L_0000020e3df84940, L_0000020e3df85820, C4<0>, C4<0>;
L_0000020e3df85d60 .functor AND 1, v0000020e3defff20_0, L_0000020e3df6e300, C4<1>, C4<1>;
L_0000020e3df848d0 .functor NOT 1, v0000020e3defff20_0, C4<0>, C4<0>, C4<0>;
L_0000020e3df85e40 .functor NOT 1, L_0000020e3df74f00, C4<0>, C4<0>, C4<0>;
L_0000020e3df86070 .functor AND 1, L_0000020e3df848d0, L_0000020e3df85e40, C4<1>, C4<1>;
L_0000020e3df86380 .functor AND 1, L_0000020e3df86070, L_0000020e3df6db80, C4<1>, C4<1>;
L_0000020e3df84cc0 .functor OR 1, L_0000020e3df85d60, L_0000020e3df86380, C4<0>, C4<0>;
L_0000020e3df849b0 .functor NOT 1, v0000020e3defff20_0, C4<0>, C4<0>, C4<0>;
L_0000020e3df856d0 .functor AND 1, L_0000020e3df849b0, L_0000020e3df74f00, C4<1>, C4<1>;
L_0000020e3df85510 .functor AND 1, L_0000020e3df856d0, L_0000020e3df6ce60, C4<1>, C4<1>;
L_0000020e3df84be0 .functor OR 1, L_0000020e3df84cc0, L_0000020e3df85510, C4<0>, C4<0>;
L_0000020e3df85270 .functor AND 1, v0000020e3defff20_0, L_0000020e3df6cfa0, C4<1>, C4<1>;
L_0000020e3df85eb0 .functor NOT 1, v0000020e3defff20_0, C4<0>, C4<0>, C4<0>;
L_0000020e3df84a20 .functor NOT 1, L_0000020e3df74f00, C4<0>, C4<0>, C4<0>;
L_0000020e3df85040 .functor AND 1, L_0000020e3df85eb0, L_0000020e3df84a20, C4<1>, C4<1>;
L_0000020e3df86000 .functor AND 1, L_0000020e3df85040, L_0000020e3df6dc20, C4<1>, C4<1>;
L_0000020e3df84a90 .functor OR 1, L_0000020e3df85270, L_0000020e3df86000, C4<0>, C4<0>;
L_0000020e3df863f0 .functor NOT 1, v0000020e3defff20_0, C4<0>, C4<0>, C4<0>;
L_0000020e3df85c80 .functor AND 1, L_0000020e3df863f0, L_0000020e3df74f00, C4<1>, C4<1>;
L_0000020e3df850b0 .functor AND 1, L_0000020e3df85c80, L_0000020e3df6d540, C4<1>, C4<1>;
L_0000020e3df860e0 .functor OR 1, L_0000020e3df84a90, L_0000020e3df850b0, C4<0>, C4<0>;
L_0000020e3df84e80 .functor AND 1, L_0000020e3df74330, L_0000020e3df6d0e0, C4<1>, C4<1>;
L_0000020e3df862a0 .functor NOT 1, L_0000020e3df74330, C4<0>, C4<0>, C4<0>;
L_0000020e3df84da0 .functor AND 1, L_0000020e3df862a0, L_0000020e3df6dea0, C4<1>, C4<1>;
L_0000020e3df84b00 .functor OR 1, L_0000020e3df84e80, L_0000020e3df84da0, C4<0>, C4<0>;
L_0000020e3df86310 .functor AND 1, L_0000020e3df74330, L_0000020e3df6d2c0, C4<1>, C4<1>;
L_0000020e3df85190 .functor NOT 1, L_0000020e3df74330, C4<0>, C4<0>, C4<0>;
L_0000020e3df84b70 .functor AND 1, L_0000020e3df85190, L_0000020e3df6df40, C4<1>, C4<1>;
L_0000020e3df85740 .functor OR 1, L_0000020e3df86310, L_0000020e3df84b70, C4<0>, C4<0>;
L_0000020e3df84ef0 .functor AND 1, L_0000020e3df74330, L_0000020e3df6e1c0, C4<1>, C4<1>;
L_0000020e3df859e0 .functor NOT 1, L_0000020e3df74330, C4<0>, C4<0>, C4<0>;
L_0000020e3df857b0 .functor AND 1, L_0000020e3df859e0, L_0000020e3df6e260, C4<1>, C4<1>;
L_0000020e3df85890 .functor OR 1, L_0000020e3df84ef0, L_0000020e3df857b0, C4<0>, C4<0>;
L_0000020e3df85120 .functor AND 1, L_0000020e3df74330, L_0000020e3df6e3a0, C4<1>, C4<1>;
L_0000020e3df852e0 .functor NOT 1, L_0000020e3df74330, C4<0>, C4<0>, C4<0>;
L_0000020e3df85b30 .functor AND 1, L_0000020e3df852e0, L_0000020e3df6d400, C4<1>, C4<1>;
L_0000020e3df85900 .functor OR 1, L_0000020e3df85120, L_0000020e3df85b30, C4<0>, C4<0>;
L_0000020e3df85970 .functor AND 1, v0000020e3defff20_0, L_0000020e3df704c0, C4<1>, C4<1>;
L_0000020e3df84c50 .functor NOT 1, v0000020e3defff20_0, C4<0>, C4<0>, C4<0>;
L_0000020e3df84e10 .functor AND 1, L_0000020e3df84c50, L_0000020e3df74560, C4<1>, C4<1>;
L_0000020e3df84f60 .functor AND 1, L_0000020e3df84e10, L_0000020e3df70060, C4<1>, C4<1>;
L_0000020e3df85350 .functor OR 1, L_0000020e3df85970, L_0000020e3df84f60, C4<0>, C4<0>;
L_0000020e3df85dd0 .functor NOT 1, v0000020e3defff20_0, C4<0>, C4<0>, C4<0>;
L_0000020e3df84fd0 .functor NOT 1, L_0000020e3df74560, C4<0>, C4<0>, C4<0>;
L_0000020e3df853c0 .functor AND 1, L_0000020e3df85dd0, L_0000020e3df84fd0, C4<1>, C4<1>;
L_0000020e3df85ac0 .functor AND 1, L_0000020e3df853c0, L_0000020e3df6ff20, C4<1>, C4<1>;
L_0000020e3df85430 .functor OR 1, L_0000020e3df85350, L_0000020e3df85ac0, C4<0>, C4<0>;
L_0000020e3df854a0 .functor AND 1, v0000020e3defff20_0, L_0000020e3df6fde0, C4<1>, C4<1>;
L_0000020e3df85a50 .functor NOT 1, v0000020e3defff20_0, C4<0>, C4<0>, C4<0>;
L_0000020e3df85580 .functor AND 1, L_0000020e3df85a50, L_0000020e3df74560, C4<1>, C4<1>;
L_0000020e3df85ba0 .functor AND 1, L_0000020e3df85580, L_0000020e3df6f520, C4<1>, C4<1>;
L_0000020e3df85c10 .functor OR 1, L_0000020e3df854a0, L_0000020e3df85ba0, C4<0>, C4<0>;
L_0000020e3df85cf0 .functor NOT 1, v0000020e3defff20_0, C4<0>, C4<0>, C4<0>;
L_0000020e3df86a80 .functor NOT 1, L_0000020e3df74560, C4<0>, C4<0>, C4<0>;
L_0000020e3df87e30 .functor AND 1, L_0000020e3df85cf0, L_0000020e3df86a80, C4<1>, C4<1>;
L_0000020e3df86930 .functor AND 1, L_0000020e3df87e30, L_0000020e3df6fe80, C4<1>, C4<1>;
L_0000020e3df86d20 .functor OR 1, L_0000020e3df85c10, L_0000020e3df86930, C4<0>, C4<0>;
L_0000020e3df876c0 .functor AND 1, v0000020e3defff20_0, L_0000020e3df709c0, C4<1>, C4<1>;
L_0000020e3df87880 .functor NOT 1, v0000020e3defff20_0, C4<0>, C4<0>, C4<0>;
L_0000020e3df87f80 .functor AND 1, L_0000020e3df87880, L_0000020e3df74560, C4<1>, C4<1>;
L_0000020e3df87260 .functor AND 1, L_0000020e3df87f80, L_0000020e3df6ed00, C4<1>, C4<1>;
L_0000020e3df87ea0 .functor OR 1, L_0000020e3df876c0, L_0000020e3df87260, C4<0>, C4<0>;
L_0000020e3df869a0 .functor NOT 1, v0000020e3defff20_0, C4<0>, C4<0>, C4<0>;
L_0000020e3df868c0 .functor NOT 1, L_0000020e3df74560, C4<0>, C4<0>, C4<0>;
L_0000020e3df86850 .functor AND 1, L_0000020e3df869a0, L_0000020e3df868c0, C4<1>, C4<1>;
L_0000020e3df878f0 .functor AND 1, L_0000020e3df86850, L_0000020e3df70e20, C4<1>, C4<1>;
L_0000020e3df879d0 .functor OR 1, L_0000020e3df87ea0, L_0000020e3df878f0, C4<0>, C4<0>;
L_0000020e3df86d90 .functor AND 1, v0000020e3defff20_0, L_0000020e3df6f020, C4<1>, C4<1>;
L_0000020e3df87340 .functor NOT 1, v0000020e3defff20_0, C4<0>, C4<0>, C4<0>;
L_0000020e3df86e70 .functor AND 1, L_0000020e3df87340, L_0000020e3df74560, C4<1>, C4<1>;
L_0000020e3df86a10 .functor AND 1, L_0000020e3df86e70, L_0000020e3df701a0, C4<1>, C4<1>;
L_0000020e3df86af0 .functor OR 1, L_0000020e3df86d90, L_0000020e3df86a10, C4<0>, C4<0>;
L_0000020e3df873b0 .functor NOT 1, v0000020e3defff20_0, C4<0>, C4<0>, C4<0>;
L_0000020e3df87960 .functor NOT 1, L_0000020e3df74560, C4<0>, C4<0>, C4<0>;
L_0000020e3df86b60 .functor AND 1, L_0000020e3df873b0, L_0000020e3df87960, C4<1>, C4<1>;
L_0000020e3df87110 .functor AND 1, L_0000020e3df86b60, L_0000020e3df6ffc0, C4<1>, C4<1>;
L_0000020e3df865b0 .functor OR 1, L_0000020e3df86af0, L_0000020e3df87110, C4<0>, C4<0>;
L_0000020e3df87490 .functor AND 1, L_0000020e3df74330, L_0000020e3df6f5c0, C4<1>, C4<1>;
L_0000020e3df87420 .functor NOT 1, L_0000020e3df74330, C4<0>, C4<0>, C4<0>;
L_0000020e3df87500 .functor AND 1, L_0000020e3df87420, L_0000020e3df70380, C4<1>, C4<1>;
L_0000020e3df86690 .functor OR 1, L_0000020e3df87490, L_0000020e3df87500, C4<0>, C4<0>;
L_0000020e3df87ab0 .functor AND 1, L_0000020e3df74330, L_0000020e3df6f0c0, C4<1>, C4<1>;
L_0000020e3df87a40 .functor NOT 1, L_0000020e3df74330, C4<0>, C4<0>, C4<0>;
L_0000020e3df86540 .functor AND 1, L_0000020e3df87a40, L_0000020e3df70a60, C4<1>, C4<1>;
L_0000020e3df86620 .functor OR 1, L_0000020e3df87ab0, L_0000020e3df86540, C4<0>, C4<0>;
L_0000020e3df87d50 .functor AND 1, L_0000020e3df74330, L_0000020e3df6f700, C4<1>, C4<1>;
L_0000020e3df86700 .functor NOT 1, L_0000020e3df74330, C4<0>, C4<0>, C4<0>;
L_0000020e3df87dc0 .functor AND 1, L_0000020e3df86700, L_0000020e3df70100, C4<1>, C4<1>;
L_0000020e3df86770 .functor OR 1, L_0000020e3df87d50, L_0000020e3df87dc0, C4<0>, C4<0>;
L_0000020e3df87b20 .functor AND 1, L_0000020e3df74330, L_0000020e3df70b00, C4<1>, C4<1>;
L_0000020e3df86460 .functor NOT 1, L_0000020e3df74330, C4<0>, C4<0>, C4<0>;
L_0000020e3df872d0 .functor AND 1, L_0000020e3df86460, L_0000020e3df707e0, C4<1>, C4<1>;
L_0000020e3df867e0 .functor OR 1, L_0000020e3df87b20, L_0000020e3df872d0, C4<0>, C4<0>;
L_0000020e3df86bd0 .functor OR 1, v0000020e3defff20_0, v0000020e3deffc00_0, C4<0>, C4<0>;
L_0000020e3df86c40 .functor NOT 1, L_0000020e3df74560, C4<0>, C4<0>, C4<0>;
L_0000020e3df87570 .functor AND 1, v0000020e3deffc00_0, L_0000020e3df86c40, C4<1>, C4<1>;
L_0000020e3df87180 .functor AND 1, L_0000020e3df70ba0, L_0000020e3df6f660, C4<1>, C4<1>;
L_0000020e3df86cb0 .functor OR 1, L_0000020e3df6fd40, L_0000020e3df87180, C4<0>, C4<0>;
L_0000020e3df86e00 .functor AND 1, L_0000020e3df6ee40, L_0000020e3df71000, C4<1>, C4<1>;
L_0000020e3df86ee0 .functor OR 1, L_0000020e3df86cb0, L_0000020e3df86e00, C4<0>, C4<0>;
L_0000020e3df86f50 .functor BUFZ 1, L_0000020e3df86ee0, C4<0>, C4<0>, C4<0>;
L_0000020e3df86fc0 .functor NOT 1, L_0000020e3df6fac0, C4<0>, C4<0>, C4<0>;
L_0000020e3df87b90 .functor NOT 1, L_0000020e3df70d80, C4<0>, C4<0>, C4<0>;
L_0000020e3df87730 .functor AND 1, L_0000020e3df86fc0, L_0000020e3df87b90, C4<1>, C4<1>;
L_0000020e3df87ff0 .functor AND 1, L_0000020e3df87730, L_0000020e3df6ea80, C4<1>, C4<1>;
L_0000020e3df875e0 .functor NOT 1, L_0000020e3df70c40, C4<0>, C4<0>, C4<0>;
L_0000020e3df87ce0 .functor AND 1, L_0000020e3df875e0, L_0000020e3df6f840, C4<1>, C4<1>;
L_0000020e3df87030 .functor NOT 1, L_0000020e3df6e8a0, C4<0>, C4<0>, C4<0>;
L_0000020e3df870a0 .functor AND 1, L_0000020e3df87ce0, L_0000020e3df87030, C4<1>, C4<1>;
L_0000020e3df87650 .functor NOT 1, L_0000020e3df6ef80, C4<0>, C4<0>, C4<0>;
L_0000020e3df87c00 .functor AND 1, L_0000020e3df870a0, L_0000020e3df87650, C4<1>, C4<1>;
L_0000020e3df871f0 .functor OR 1, L_0000020e3df87ff0, L_0000020e3df87c00, C4<0>, C4<0>;
L_0000020e3df877a0 .functor NOT 1, L_0000020e3df70ce0, C4<0>, C4<0>, C4<0>;
L_0000020e3df87810 .functor NOT 1, L_0000020e3df6f7a0, C4<0>, C4<0>, C4<0>;
L_0000020e3df87c70 .functor AND 1, L_0000020e3df877a0, L_0000020e3df87810, C4<1>, C4<1>;
L_0000020e3df87f10 .functor AND 1, L_0000020e3df87c70, L_0000020e3df70880, C4<1>, C4<1>;
L_0000020e3df864d0 .functor NOT 1, L_0000020e3df70600, C4<0>, C4<0>, C4<0>;
L_0000020e3df88450 .functor AND 1, L_0000020e3df864d0, L_0000020e3df70240, C4<1>, C4<1>;
L_0000020e3df88060 .functor NOT 1, L_0000020e3df6f8e0, C4<0>, C4<0>, C4<0>;
L_0000020e3df88140 .functor AND 1, L_0000020e3df88450, L_0000020e3df88060, C4<1>, C4<1>;
L_0000020e3df884c0 .functor NOT 1, L_0000020e3df70420, C4<0>, C4<0>, C4<0>;
L_0000020e3df885a0 .functor AND 1, L_0000020e3df88140, L_0000020e3df884c0, C4<1>, C4<1>;
L_0000020e3df88530 .functor OR 1, L_0000020e3df87f10, L_0000020e3df885a0, C4<0>, C4<0>;
L_0000020e3df88220 .functor NOT 1, L_0000020e3df70920, C4<0>, C4<0>, C4<0>;
L_0000020e3df88680 .functor NOT 1, L_0000020e3df6f980, C4<0>, C4<0>, C4<0>;
L_0000020e3df88610 .functor AND 1, L_0000020e3df88220, L_0000020e3df88680, C4<1>, C4<1>;
L_0000020e3df886f0 .functor NOT 1, L_0000020e3df6fa20, C4<0>, C4<0>, C4<0>;
L_0000020e3df88370 .functor AND 1, L_0000020e3df88610, L_0000020e3df886f0, C4<1>, C4<1>;
L_0000020e3df880d0 .functor AND 1, L_0000020e3df88370, L_0000020e3df6f340, C4<1>, C4<1>;
L_0000020e3df883e0 .functor NOT 1, L_0000020e3df880d0, C4<0>, C4<0>, C4<0>;
L_0000020e3df88760 .functor NOT 1, L_0000020e3df6fb60, C4<0>, C4<0>, C4<0>;
L_0000020e3df881b0 .functor AND 1, L_0000020e3df88760, L_0000020e3df70ec0, C4<1>, C4<1>;
L_0000020e3df88290 .functor NOT 1, L_0000020e3df6f480, C4<0>, C4<0>, C4<0>;
L_0000020e3df88300 .functor AND 1, L_0000020e3df881b0, L_0000020e3df88290, C4<1>, C4<1>;
L_0000020e3df924d0 .functor NOT 1, L_0000020e3df70f60, C4<0>, C4<0>, C4<0>;
L_0000020e3df920e0 .functor AND 1, L_0000020e3df88300, L_0000020e3df924d0, C4<1>, C4<1>;
L_0000020e3df91f20 .functor NOT 1, L_0000020e3df920e0, C4<0>, C4<0>, C4<0>;
L_0000020e3df92380 .functor AND 1, L_0000020e3df883e0, L_0000020e3df91f20, C4<1>, C4<1>;
L_0000020e3df91dd0 .functor NOT 1, L_0000020e3df6e9e0, C4<0>, C4<0>, C4<0>;
L_0000020e3df92000 .functor NOT 1, L_0000020e3df6f160, C4<0>, C4<0>, C4<0>;
L_0000020e3df92070 .functor AND 1, L_0000020e3df91dd0, L_0000020e3df92000, C4<1>, C4<1>;
L_0000020e3df91e40 .functor AND 1, L_0000020e3df92070, L_0000020e3df6fc00, C4<1>, C4<1>;
L_0000020e3df923f0 .functor AND 1, L_0000020e3df91e40, L_0000020e3df6f200, C4<1>, C4<1>;
L_0000020e3df92150 .functor NOT 1, L_0000020e3df923f0, C4<0>, C4<0>, C4<0>;
L_0000020e3df921c0 .functor NOT 1, L_0000020e3df6fca0, C4<0>, C4<0>, C4<0>;
L_0000020e3df92230 .functor AND 1, L_0000020e3df921c0, L_0000020e3df6f2a0, C4<1>, C4<1>;
L_0000020e3df922a0 .functor AND 1, L_0000020e3df92230, L_0000020e3df70560, C4<1>, C4<1>;
L_0000020e3df92310 .functor NOT 1, L_0000020e3df706a0, C4<0>, C4<0>, C4<0>;
L_0000020e3df92460 .functor AND 1, L_0000020e3df922a0, L_0000020e3df92310, C4<1>, C4<1>;
L_0000020e3df91eb0 .functor NOT 1, L_0000020e3df92460, C4<0>, C4<0>, C4<0>;
L_0000020e3df91f90 .functor AND 1, L_0000020e3df92150, L_0000020e3df91eb0, C4<1>, C4<1>;
L_0000020e3df8f8a0 .functor NOT 1, L_0000020e3df6eb20, C4<0>, C4<0>, C4<0>;
L_0000020e3df8fb40 .functor AND 1, L_0000020e3df70740, L_0000020e3df8f8a0, C4<1>, C4<1>;
L_0000020e3df8f830 .functor AND 1, L_0000020e3df8fb40, L_0000020e3df6ebc0, C4<1>, C4<1>;
L_0000020e3df8fbb0 .functor AND 1, L_0000020e3df8f830, L_0000020e3df6eda0, C4<1>, C4<1>;
L_0000020e3df8e6b0 .functor NOT 1, L_0000020e3df8fbb0, C4<0>, C4<0>, C4<0>;
L_0000020e3df8f1a0 .functor AND 1, L_0000020e3df91f90, L_0000020e3df8e6b0, C4<1>, C4<1>;
L_0000020e3df8fec0 .functor AND 1, L_0000020e3df6eee0, L_0000020e3df6f3e0, C4<1>, C4<1>;
L_0000020e3df8fde0 .functor AND 1, L_0000020e3df8fec0, L_0000020e3df71140, C4<1>, C4<1>;
L_0000020e3df8f6e0 .functor NOT 1, L_0000020e3df71820, C4<0>, C4<0>, C4<0>;
L_0000020e3df8fa60 .functor AND 1, L_0000020e3df8fde0, L_0000020e3df8f6e0, C4<1>, C4<1>;
L_0000020e3df8ef70 .functor NOT 1, L_0000020e3df8fa60, C4<0>, C4<0>, C4<0>;
L_0000020e3df8f210 .functor AND 1, L_0000020e3df8f1a0, L_0000020e3df8ef70, C4<1>, C4<1>;
L_0000020e3df8eb80 .functor NOT 1, L_0000020e3df718c0, C4<0>, C4<0>, C4<0>;
L_0000020e3df8f3d0 .functor NOT 1, L_0000020e3df71be0, C4<0>, C4<0>, C4<0>;
L_0000020e3df8f590 .functor AND 1, L_0000020e3df8eb80, L_0000020e3df8f3d0, C4<1>, C4<1>;
L_0000020e3df8ff30 .functor AND 1, L_0000020e3df8f590, L_0000020e3df71f00, C4<1>, C4<1>;
L_0000020e3df8ee20 .functor NOT 1, L_0000020e3df71960, C4<0>, C4<0>, C4<0>;
L_0000020e3df8f440 .functor AND 1, L_0000020e3df8ff30, L_0000020e3df8ee20, C4<1>, C4<1>;
L_0000020e3df8fad0 .functor NOT 1, L_0000020e3df8f440, C4<0>, C4<0>, C4<0>;
L_0000020e3df8e950 .functor NOT 1, L_0000020e3df71a00, C4<0>, C4<0>, C4<0>;
L_0000020e3df8ffa0 .functor NOT 1, L_0000020e3df716e0, C4<0>, C4<0>, C4<0>;
L_0000020e3df90160 .functor AND 1, L_0000020e3df8e950, L_0000020e3df8ffa0, C4<1>, C4<1>;
L_0000020e3df8f0c0 .functor NOT 1, L_0000020e3df71e60, C4<0>, C4<0>, C4<0>;
L_0000020e3df8f4b0 .functor AND 1, L_0000020e3df90160, L_0000020e3df8f0c0, C4<1>, C4<1>;
L_0000020e3df8ea30 .functor AND 1, L_0000020e3df8f4b0, L_0000020e3df71500, C4<1>, C4<1>;
L_0000020e3df8f280 .functor NOT 1, L_0000020e3df8ea30, C4<0>, C4<0>, C4<0>;
L_0000020e3df8efe0 .functor NOT 1, L_0000020e3df710a0, C4<0>, C4<0>, C4<0>;
L_0000020e3df8e5d0 .functor AND 1, L_0000020e3df8efe0, L_0000020e3df713c0, C4<1>, C4<1>;
L_0000020e3df8f050 .functor NOT 1, L_0000020e3df711e0, C4<0>, C4<0>, C4<0>;
L_0000020e3df8fc20 .functor AND 1, L_0000020e3df8e5d0, L_0000020e3df8f050, C4<1>, C4<1>;
L_0000020e3df8edb0 .functor NOT 1, L_0000020e3df71aa0, C4<0>, C4<0>, C4<0>;
L_0000020e3df90010 .functor AND 1, L_0000020e3df8fc20, L_0000020e3df8edb0, C4<1>, C4<1>;
L_0000020e3df8fe50 .functor NOT 1, L_0000020e3df90010, C4<0>, C4<0>, C4<0>;
L_0000020e3df8f750 .functor AND 1, L_0000020e3df8f280, L_0000020e3df8fe50, C4<1>, C4<1>;
L_0000020e3df8f9f0 .functor NOT 1, L_0000020e3df71b40, C4<0>, C4<0>, C4<0>;
L_0000020e3df8f130 .functor AND 1, L_0000020e3df8f9f0, L_0000020e3df71280, C4<1>, C4<1>;
L_0000020e3df8fd00 .functor AND 1, L_0000020e3df8f130, L_0000020e3df71320, C4<1>, C4<1>;
L_0000020e3df8e9c0 .functor AND 1, L_0000020e3df8fd00, L_0000020e3df71460, C4<1>, C4<1>;
L_0000020e3df90080 .functor NOT 1, L_0000020e3df8e9c0, C4<0>, C4<0>, C4<0>;
L_0000020e3df8eb10 .functor AND 1, L_0000020e3df8f750, L_0000020e3df90080, C4<1>, C4<1>;
L_0000020e3df8fc90 .functor NOT 1, L_0000020e3df71780, C4<0>, C4<0>, C4<0>;
L_0000020e3df8e640 .functor AND 1, L_0000020e3df71640, L_0000020e3df8fc90, C4<1>, C4<1>;
L_0000020e3df8fd70 .functor AND 1, L_0000020e3df8e640, L_0000020e3df71c80, C4<1>, C4<1>;
L_0000020e3df8f520 .functor NOT 1, L_0000020e3df71d20, C4<0>, C4<0>, C4<0>;
L_0000020e3df8ebf0 .functor AND 1, L_0000020e3df8fd70, L_0000020e3df8f520, C4<1>, C4<1>;
L_0000020e3df900f0 .functor NOT 1, L_0000020e3df8ebf0, C4<0>, C4<0>, C4<0>;
L_0000020e3df8f600 .functor AND 1, L_0000020e3df8eb10, L_0000020e3df900f0, C4<1>, C4<1>;
L_0000020e3df8f670 .functor AND 1, L_0000020e3df715a0, L_0000020e3df71dc0, C4<1>, C4<1>;
L_0000020e3df8f2f0 .functor AND 1, L_0000020e3df8f670, L_0000020e3df62be0, C4<1>, C4<1>;
L_0000020e3df8ee90 .functor AND 1, L_0000020e3df8f2f0, L_0000020e3df63b80, C4<1>, C4<1>;
L_0000020e3df8f360 .functor NOT 1, L_0000020e3df8ee90, C4<0>, C4<0>, C4<0>;
L_0000020e3df8ec60 .functor AND 1, L_0000020e3df8f600, L_0000020e3df8f360, C4<1>, C4<1>;
L_0000020e3df8f7c0 .functor NOT 1, L_0000020e3df63f40, C4<0>, C4<0>, C4<0>;
L_0000020e3df8ecd0 .functor NOT 1, L_0000020e3df64120, C4<0>, C4<0>, C4<0>;
L_0000020e3df8f910 .functor AND 1, L_0000020e3df8f7c0, L_0000020e3df8ecd0, C4<1>, C4<1>;
L_0000020e3df8e720 .functor NOT 1, L_0000020e3df641c0, C4<0>, C4<0>, C4<0>;
L_0000020e3df8f980 .functor AND 1, L_0000020e3df8f910, L_0000020e3df8e720, C4<1>, C4<1>;
L_0000020e3df8e790 .functor AND 1, L_0000020e3df8f980, L_0000020e3df63680, C4<1>, C4<1>;
L_0000020e3df8e800 .functor NOT 1, L_0000020e3df8e790, C4<0>, C4<0>, C4<0>;
L_0000020e3df8e870 .functor NOT 1, L_0000020e3df64300, C4<0>, C4<0>, C4<0>;
L_0000020e3df8ed40 .functor NOT 1, L_0000020e3df620a0, C4<0>, C4<0>, C4<0>;
L_0000020e3df8ef00 .functor AND 1, L_0000020e3df8e870, L_0000020e3df8ed40, C4<1>, C4<1>;
L_0000020e3df8e8e0 .functor AND 1, L_0000020e3df8ef00, L_0000020e3df63a40, C4<1>, C4<1>;
L_0000020e3df8eaa0 .functor AND 1, L_0000020e3df8e8e0, L_0000020e3df63ea0, C4<1>, C4<1>;
L_0000020e3df917b0 .functor NOT 1, L_0000020e3df8eaa0, C4<0>, C4<0>, C4<0>;
L_0000020e3df919e0 .functor AND 1, L_0000020e3df8e800, L_0000020e3df917b0, C4<1>, C4<1>;
L_0000020e3df908d0 .functor NOT 1, L_0000020e3df634a0, C4<0>, C4<0>, C4<0>;
L_0000020e3df915f0 .functor AND 1, L_0000020e3df908d0, L_0000020e3df63900, C4<1>, C4<1>;
L_0000020e3df90fd0 .functor NOT 1, L_0000020e3df63180, C4<0>, C4<0>, C4<0>;
L_0000020e3df90be0 .functor AND 1, L_0000020e3df915f0, L_0000020e3df90fd0, C4<1>, C4<1>;
L_0000020e3df902b0 .functor NOT 1, L_0000020e3df62b40, C4<0>, C4<0>, C4<0>;
L_0000020e3df90c50 .functor AND 1, L_0000020e3df90be0, L_0000020e3df902b0, C4<1>, C4<1>;
L_0000020e3df901d0 .functor NOT 1, L_0000020e3df90c50, C4<0>, C4<0>, C4<0>;
L_0000020e3df91c10 .functor AND 1, L_0000020e3df919e0, L_0000020e3df901d0, C4<1>, C4<1>;
L_0000020e3df913c0 .functor NOT 1, L_0000020e3df63ae0, C4<0>, C4<0>, C4<0>;
L_0000020e3df907f0 .functor AND 1, L_0000020e3df913c0, L_0000020e3df62c80, C4<1>, C4<1>;
L_0000020e3df91350 .functor NOT 1, L_0000020e3df62140, C4<0>, C4<0>, C4<0>;
L_0000020e3df91a50 .functor AND 1, L_0000020e3df907f0, L_0000020e3df91350, C4<1>, C4<1>;
L_0000020e3df91040 .functor AND 1, L_0000020e3df91a50, L_0000020e3df637c0, C4<1>, C4<1>;
L_0000020e3df90470 .functor NOT 1, L_0000020e3df91040, C4<0>, C4<0>, C4<0>;
L_0000020e3df910b0 .functor AND 1, L_0000020e3df91c10, L_0000020e3df90470, C4<1>, C4<1>;
L_0000020e3df91ac0 .functor NOT 1, L_0000020e3df63540, C4<0>, C4<0>, C4<0>;
L_0000020e3df90e80 .functor AND 1, L_0000020e3df91ac0, L_0000020e3df632c0, C4<1>, C4<1>;
L_0000020e3df90da0 .functor AND 1, L_0000020e3df90e80, L_0000020e3df63860, C4<1>, C4<1>;
L_0000020e3df90860 .functor AND 1, L_0000020e3df90da0, L_0000020e3df62a00, C4<1>, C4<1>;
L_0000020e3df91120 .functor NOT 1, L_0000020e3df90860, C4<0>, C4<0>, C4<0>;
L_0000020e3df91190 .functor AND 1, L_0000020e3df910b0, L_0000020e3df91120, C4<1>, C4<1>;
L_0000020e3df91ba0 .functor NOT 1, L_0000020e3df62dc0, C4<0>, C4<0>, C4<0>;
L_0000020e3df91740 .functor AND 1, L_0000020e3df62d20, L_0000020e3df91ba0, C4<1>, C4<1>;
L_0000020e3df90320 .functor NOT 1, L_0000020e3df639a0, C4<0>, C4<0>, C4<0>;
L_0000020e3df90940 .functor AND 1, L_0000020e3df91740, L_0000020e3df90320, C4<1>, C4<1>;
L_0000020e3df90b70 .functor AND 1, L_0000020e3df90940, L_0000020e3df643a0, C4<1>, C4<1>;
L_0000020e3df91cf0 .functor NOT 1, L_0000020e3df90b70, C4<0>, C4<0>, C4<0>;
L_0000020e3df90240 .functor AND 1, L_0000020e3df91190, L_0000020e3df91cf0, C4<1>, C4<1>;
L_0000020e3df90cc0 .functor NOT 1, L_0000020e3df62640, C4<0>, C4<0>, C4<0>;
L_0000020e3df91200 .functor NOT 1, L_0000020e3df62780, C4<0>, C4<0>, C4<0>;
L_0000020e3df91820 .functor AND 1, L_0000020e3df90cc0, L_0000020e3df91200, C4<1>, C4<1>;
L_0000020e3df90d30 .functor NOT 1, L_0000020e3df62460, C4<0>, C4<0>, C4<0>;
L_0000020e3df90e10 .functor AND 1, L_0000020e3df91820, L_0000020e3df90d30, C4<1>, C4<1>;
L_0000020e3df91270 .functor AND 1, L_0000020e3df90e10, L_0000020e3df644e0, C4<1>, C4<1>;
L_0000020e3df91430 .functor NOT 1, L_0000020e3df91270, C4<0>, C4<0>, C4<0>;
L_0000020e3df91580 .functor NOT 1, L_0000020e3df62820, C4<0>, C4<0>, C4<0>;
L_0000020e3df90f60 .functor NOT 1, L_0000020e3df63fe0, C4<0>, C4<0>, C4<0>;
L_0000020e3df912e0 .functor AND 1, L_0000020e3df91580, L_0000020e3df90f60, C4<1>, C4<1>;
L_0000020e3df914a0 .functor AND 1, L_0000020e3df912e0, L_0000020e3df63360, C4<1>, C4<1>;
L_0000020e3df90ef0 .functor NOT 1, L_0000020e3df62e60, C4<0>, C4<0>, C4<0>;
L_0000020e3df91510 .functor AND 1, L_0000020e3df914a0, L_0000020e3df90ef0, C4<1>, C4<1>;
L_0000020e3df909b0 .functor NOT 1, L_0000020e3df91510, C4<0>, C4<0>, C4<0>;
L_0000020e3df91660 .functor AND 1, L_0000020e3df91430, L_0000020e3df909b0, C4<1>, C4<1>;
L_0000020e3df906a0 .functor NOT 1, L_0000020e3df62f00, C4<0>, C4<0>, C4<0>;
L_0000020e3df916d0 .functor NOT 1, L_0000020e3df623c0, C4<0>, C4<0>, C4<0>;
L_0000020e3df91890 .functor AND 1, L_0000020e3df906a0, L_0000020e3df916d0, C4<1>, C4<1>;
L_0000020e3df90a20 .functor AND 1, L_0000020e3df91890, L_0000020e3df64080, C4<1>, C4<1>;
L_0000020e3df91900 .functor AND 1, L_0000020e3df90a20, L_0000020e3df62fa0, C4<1>, C4<1>;
L_0000020e3df90390 .functor NOT 1, L_0000020e3df91900, C4<0>, C4<0>, C4<0>;
L_0000020e3df90a90 .functor AND 1, L_0000020e3df91660, L_0000020e3df90390, C4<1>, C4<1>;
L_0000020e3df91970 .functor NOT 1, L_0000020e3df63c20, C4<0>, C4<0>, C4<0>;
L_0000020e3df91b30 .functor AND 1, L_0000020e3df91970, L_0000020e3df63040, C4<1>, C4<1>;
L_0000020e3df91c80 .functor AND 1, L_0000020e3df91b30, L_0000020e3df63400, C4<1>, C4<1>;
L_0000020e3df91d60 .functor AND 1, L_0000020e3df91c80, L_0000020e3df64620, C4<1>, C4<1>;
L_0000020e3df90400 .functor NOT 1, L_0000020e3df91d60, C4<0>, C4<0>, C4<0>;
L_0000020e3df904e0 .functor AND 1, L_0000020e3df90a90, L_0000020e3df90400, C4<1>, C4<1>;
L_0000020e3df90630 .functor NOT 1, L_0000020e3df62aa0, C4<0>, C4<0>, C4<0>;
L_0000020e3df90550 .functor NOT 1, L_0000020e3df62500, C4<0>, C4<0>, C4<0>;
L_0000020e3df905c0 .functor AND 1, L_0000020e3df90630, L_0000020e3df90550, C4<1>, C4<1>;
L_0000020e3df90710 .functor NOT 1, L_0000020e3df64580, C4<0>, C4<0>, C4<0>;
L_0000020e3df90780 .functor AND 1, L_0000020e3df905c0, L_0000020e3df90710, C4<1>, C4<1>;
L_0000020e3df90b00 .functor NOT 1, L_0000020e3df628c0, C4<0>, C4<0>, C4<0>;
L_0000020e3df9f340 .functor AND 1, L_0000020e3df90780, L_0000020e3df90b00, C4<1>, C4<1>;
L_0000020e3df9ea80 .functor NOT 1, L_0000020e3df9f340, C4<0>, C4<0>, C4<0>;
L_0000020e3df9e2a0 .functor NOT 1, L_0000020e3df626e0, C4<0>, C4<0>, C4<0>;
L_0000020e3df9e310 .functor NOT 1, L_0000020e3df646c0, C4<0>, C4<0>, C4<0>;
L_0000020e3df9dc80 .functor AND 1, L_0000020e3df9e2a0, L_0000020e3df9e310, C4<1>, C4<1>;
L_0000020e3df9e1c0 .functor NOT 1, L_0000020e3df63220, C4<0>, C4<0>, C4<0>;
L_0000020e3df9e9a0 .functor AND 1, L_0000020e3df9dc80, L_0000020e3df9e1c0, C4<1>, C4<1>;
L_0000020e3df9e000 .functor AND 1, L_0000020e3df9e9a0, L_0000020e3df635e0, C4<1>, C4<1>;
L_0000020e3df9dcf0 .functor NOT 1, L_0000020e3df9e000, C4<0>, C4<0>, C4<0>;
L_0000020e3df9e0e0 .functor AND 1, L_0000020e3df9ea80, L_0000020e3df9dcf0, C4<1>, C4<1>;
L_0000020e3df9f3b0 .functor NOT 1, L_0000020e3df63720, C4<0>, C4<0>, C4<0>;
L_0000020e3df9e4d0 .functor AND 1, L_0000020e3df9f3b0, L_0000020e3df621e0, C4<1>, C4<1>;
L_0000020e3df9eaf0 .functor AND 1, L_0000020e3df9e4d0, L_0000020e3df64260, C4<1>, C4<1>;
L_0000020e3df9dc10 .functor AND 1, L_0000020e3df9eaf0, L_0000020e3df63cc0, C4<1>, C4<1>;
L_0000020e3df9e5b0 .functor NOT 1, L_0000020e3df9dc10, C4<0>, C4<0>, C4<0>;
L_0000020e3df9ea10 .functor AND 1, L_0000020e3df9e0e0, L_0000020e3df9e5b0, C4<1>, C4<1>;
L_0000020e3df9f570 .functor NOT 7, L_0000020e3df630e0, C4<0000000>, C4<0000000>, C4<0000000>;
v0000020e3deda5e0_0 .var "A", 3 0;
v0000020e3ded9fa0_0 .net "A_comb", 3 0, L_0000020e3df6cf00;  1 drivers
v0000020e3dedacc0_0 .net "A_eq_max", 0 0, L_0000020e3de67dd0;  1 drivers
v0000020e3ded96e0_0 .net "A_eq_min", 0 0, L_0000020e3df73ba0;  1 drivers
v0000020e3ded9c80_0 .net "A_minus1", 3 0, L_0000020e3df6a3e0;  1 drivers
v0000020e3dedaae0_0 .net "A_plus1", 3 0, L_0000020e3df01b40;  1 drivers
v0000020e3dedaf40_0 .var "B", 3 0;
v0000020e3deda720_0 .net "B_comb", 3 0, L_0000020e3df6ec60;  1 drivers
v0000020e3deda860_0 .net "B_ef_add", 3 0, L_0000020e3df6a2a0;  1 drivers
v0000020e3dedae00_0 .net "B_ef_sub", 3 0, L_0000020e3df6e4e0;  1 drivers
v0000020e3dedb080_0 .net "B_ge5", 0 0, L_0000020e3df86ee0;  1 drivers
v0000020e3deda900_0 .net "B_minus1", 3 0, L_0000020e3df6d9a0;  1 drivers
v0000020e3ded9820_0 .net "B_restantes", 3 0, L_0000020e3df6c6e0;  1 drivers
v0000020e3ded8f60_0 .net *"_ivl_0", 31 0, L_0000020e3df01780;  1 drivers
v0000020e3ded93c0_0 .net *"_ivl_1000", 0 0, L_0000020e3df91350;  1 drivers
v0000020e3ded8ba0_0 .net *"_ivl_1002", 0 0, L_0000020e3df91a50;  1 drivers
v0000020e3ded9dc0_0 .net *"_ivl_1005", 0 0, L_0000020e3df637c0;  1 drivers
v0000020e3ded9a00_0 .net *"_ivl_1006", 0 0, L_0000020e3df91040;  1 drivers
v0000020e3ded9b40_0 .net *"_ivl_1008", 0 0, L_0000020e3df90470;  1 drivers
v0000020e3dedab80_0 .net *"_ivl_1010", 0 0, L_0000020e3df910b0;  1 drivers
v0000020e3ded9be0_0 .net *"_ivl_1013", 0 0, L_0000020e3df63540;  1 drivers
v0000020e3dedac20_0 .net *"_ivl_1014", 0 0, L_0000020e3df91ac0;  1 drivers
v0000020e3dedaea0_0 .net *"_ivl_1017", 0 0, L_0000020e3df632c0;  1 drivers
v0000020e3deea310_0 .net *"_ivl_1018", 0 0, L_0000020e3df90e80;  1 drivers
v0000020e3dee9af0_0 .net *"_ivl_102", 0 0, L_0000020e3df6de00;  1 drivers
v0000020e3deea450_0 .net *"_ivl_1021", 0 0, L_0000020e3df63860;  1 drivers
v0000020e3deeaa90_0 .net *"_ivl_1022", 0 0, L_0000020e3df90da0;  1 drivers
v0000020e3dee88d0_0 .net *"_ivl_1025", 0 0, L_0000020e3df62a00;  1 drivers
v0000020e3dee85b0_0 .net *"_ivl_1026", 0 0, L_0000020e3df90860;  1 drivers
v0000020e3dee8bf0_0 .net *"_ivl_1028", 0 0, L_0000020e3df91120;  1 drivers
v0000020e3deeab30_0 .net *"_ivl_103", 0 0, L_0000020e3df75210;  1 drivers
v0000020e3dee8fb0_0 .net *"_ivl_1030", 0 0, L_0000020e3df91190;  1 drivers
v0000020e3dee9050_0 .net *"_ivl_1033", 0 0, L_0000020e3df62d20;  1 drivers
v0000020e3dee9b90_0 .net *"_ivl_1035", 0 0, L_0000020e3df62dc0;  1 drivers
v0000020e3dee9870_0 .net *"_ivl_1036", 0 0, L_0000020e3df91ba0;  1 drivers
v0000020e3dee8c90_0 .net *"_ivl_1038", 0 0, L_0000020e3df91740;  1 drivers
v0000020e3dee99b0_0 .net *"_ivl_1041", 0 0, L_0000020e3df639a0;  1 drivers
v0000020e3dee9910_0 .net *"_ivl_1042", 0 0, L_0000020e3df90320;  1 drivers
v0000020e3dee9370_0 .net *"_ivl_1044", 0 0, L_0000020e3df90940;  1 drivers
v0000020e3dee8ab0_0 .net *"_ivl_1047", 0 0, L_0000020e3df643a0;  1 drivers
v0000020e3deea3b0_0 .net *"_ivl_1048", 0 0, L_0000020e3df90b70;  1 drivers
v0000020e3dee9730_0 .net *"_ivl_105", 0 0, L_0000020e3df75ad0;  1 drivers
v0000020e3dee9c30_0 .net *"_ivl_1050", 0 0, L_0000020e3df91cf0;  1 drivers
v0000020e3dee9a50_0 .net *"_ivl_1052", 0 0, L_0000020e3df90240;  1 drivers
v0000020e3dee94b0_0 .net *"_ivl_1057", 0 0, L_0000020e3df62640;  1 drivers
v0000020e3dee9550_0 .net *"_ivl_1058", 0 0, L_0000020e3df90cc0;  1 drivers
v0000020e3deea8b0_0 .net *"_ivl_1061", 0 0, L_0000020e3df62780;  1 drivers
v0000020e3dee8790_0 .net *"_ivl_1062", 0 0, L_0000020e3df91200;  1 drivers
v0000020e3deea090_0 .net *"_ivl_1064", 0 0, L_0000020e3df91820;  1 drivers
v0000020e3dee8dd0_0 .net *"_ivl_1067", 0 0, L_0000020e3df62460;  1 drivers
v0000020e3dee83d0_0 .net *"_ivl_1068", 0 0, L_0000020e3df90d30;  1 drivers
v0000020e3deea810_0 .net *"_ivl_1070", 0 0, L_0000020e3df90e10;  1 drivers
v0000020e3dee9cd0_0 .net *"_ivl_1073", 0 0, L_0000020e3df644e0;  1 drivers
v0000020e3deea950_0 .net *"_ivl_1074", 0 0, L_0000020e3df91270;  1 drivers
v0000020e3dee9d70_0 .net *"_ivl_1076", 0 0, L_0000020e3df91430;  1 drivers
v0000020e3dee8970_0 .net *"_ivl_1079", 0 0, L_0000020e3df62820;  1 drivers
v0000020e3dee8650_0 .net *"_ivl_1080", 0 0, L_0000020e3df91580;  1 drivers
v0000020e3deea630_0 .net *"_ivl_1083", 0 0, L_0000020e3df63fe0;  1 drivers
v0000020e3dee9e10_0 .net *"_ivl_1084", 0 0, L_0000020e3df90f60;  1 drivers
v0000020e3dee8470_0 .net *"_ivl_1086", 0 0, L_0000020e3df912e0;  1 drivers
v0000020e3deea4f0_0 .net *"_ivl_1089", 0 0, L_0000020e3df63360;  1 drivers
v0000020e3deea6d0_0 .net *"_ivl_109", 0 0, L_0000020e3df754b0;  1 drivers
v0000020e3dee8d30_0 .net *"_ivl_1090", 0 0, L_0000020e3df914a0;  1 drivers
v0000020e3dee8e70_0 .net *"_ivl_1093", 0 0, L_0000020e3df62e60;  1 drivers
v0000020e3dee8f10_0 .net *"_ivl_1094", 0 0, L_0000020e3df90ef0;  1 drivers
v0000020e3dee8830_0 .net *"_ivl_1096", 0 0, L_0000020e3df91510;  1 drivers
v0000020e3dee9eb0_0 .net *"_ivl_1098", 0 0, L_0000020e3df909b0;  1 drivers
v0000020e3dee86f0_0 .net *"_ivl_1100", 0 0, L_0000020e3df91660;  1 drivers
v0000020e3dee9f50_0 .net *"_ivl_1103", 0 0, L_0000020e3df62f00;  1 drivers
v0000020e3dee8510_0 .net *"_ivl_1104", 0 0, L_0000020e3df906a0;  1 drivers
v0000020e3dee95f0_0 .net *"_ivl_1107", 0 0, L_0000020e3df623c0;  1 drivers
v0000020e3dee9ff0_0 .net *"_ivl_1108", 0 0, L_0000020e3df916d0;  1 drivers
v0000020e3dee9190_0 .net *"_ivl_1110", 0 0, L_0000020e3df91890;  1 drivers
v0000020e3dee9690_0 .net *"_ivl_1113", 0 0, L_0000020e3df64080;  1 drivers
v0000020e3dee8a10_0 .net *"_ivl_1114", 0 0, L_0000020e3df90a20;  1 drivers
v0000020e3dee8b50_0 .net *"_ivl_1117", 0 0, L_0000020e3df62fa0;  1 drivers
v0000020e3dee90f0_0 .net *"_ivl_1118", 0 0, L_0000020e3df91900;  1 drivers
v0000020e3deea770_0 .net *"_ivl_112", 0 0, L_0000020e3df6e760;  1 drivers
v0000020e3dee9230_0 .net *"_ivl_1120", 0 0, L_0000020e3df90390;  1 drivers
v0000020e3dee92d0_0 .net *"_ivl_1122", 0 0, L_0000020e3df90a90;  1 drivers
v0000020e3dee97d0_0 .net *"_ivl_1125", 0 0, L_0000020e3df63c20;  1 drivers
v0000020e3deea9f0_0 .net *"_ivl_1126", 0 0, L_0000020e3df91970;  1 drivers
v0000020e3dee9410_0 .net *"_ivl_1129", 0 0, L_0000020e3df63040;  1 drivers
v0000020e3deea130_0 .net *"_ivl_113", 0 0, L_0000020e3df75520;  1 drivers
v0000020e3deea1d0_0 .net *"_ivl_1130", 0 0, L_0000020e3df91b30;  1 drivers
v0000020e3deea270_0 .net *"_ivl_1133", 0 0, L_0000020e3df63400;  1 drivers
v0000020e3deea590_0 .net *"_ivl_1134", 0 0, L_0000020e3df91c80;  1 drivers
v0000020e3deeb030_0 .net *"_ivl_1137", 0 0, L_0000020e3df64620;  1 drivers
v0000020e3deec430_0 .net *"_ivl_1138", 0 0, L_0000020e3df91d60;  1 drivers
v0000020e3deeca70_0 .net *"_ivl_1140", 0 0, L_0000020e3df90400;  1 drivers
v0000020e3deeb5d0_0 .net *"_ivl_1142", 0 0, L_0000020e3df904e0;  1 drivers
v0000020e3deed010_0 .net *"_ivl_1148", 0 0, L_0000020e3df62aa0;  1 drivers
v0000020e3deeb170_0 .net *"_ivl_1149", 0 0, L_0000020e3df90630;  1 drivers
v0000020e3deed290_0 .net *"_ivl_1152", 0 0, L_0000020e3df62500;  1 drivers
v0000020e3deeb0d0_0 .net *"_ivl_1153", 0 0, L_0000020e3df90550;  1 drivers
v0000020e3deec070_0 .net *"_ivl_1155", 0 0, L_0000020e3df905c0;  1 drivers
v0000020e3deec1b0_0 .net *"_ivl_1158", 0 0, L_0000020e3df64580;  1 drivers
v0000020e3deeb670_0 .net *"_ivl_1159", 0 0, L_0000020e3df90710;  1 drivers
v0000020e3deead10_0 .net *"_ivl_116", 0 0, L_0000020e3df6c3c0;  1 drivers
v0000020e3deec250_0 .net *"_ivl_1161", 0 0, L_0000020e3df90780;  1 drivers
v0000020e3deed330_0 .net *"_ivl_1164", 0 0, L_0000020e3df628c0;  1 drivers
v0000020e3deeadb0_0 .net *"_ivl_1165", 0 0, L_0000020e3df90b00;  1 drivers
v0000020e3deeb7b0_0 .net *"_ivl_1167", 0 0, L_0000020e3df9f340;  1 drivers
v0000020e3deecd90_0 .net *"_ivl_1169", 0 0, L_0000020e3df9ea80;  1 drivers
v0000020e3deeb710_0 .net *"_ivl_117", 0 0, L_0000020e3df74db0;  1 drivers
v0000020e3deeb850_0 .net *"_ivl_1172", 0 0, L_0000020e3df626e0;  1 drivers
v0000020e3deecf70_0 .net *"_ivl_1173", 0 0, L_0000020e3df9e2a0;  1 drivers
v0000020e3deed150_0 .net *"_ivl_1176", 0 0, L_0000020e3df646c0;  1 drivers
v0000020e3deed0b0_0 .net *"_ivl_1177", 0 0, L_0000020e3df9e310;  1 drivers
v0000020e3deebd50_0 .net *"_ivl_1179", 0 0, L_0000020e3df9dc80;  1 drivers
v0000020e3deeba30_0 .net *"_ivl_1182", 0 0, L_0000020e3df63220;  1 drivers
v0000020e3deeb490_0 .net *"_ivl_1183", 0 0, L_0000020e3df9e1c0;  1 drivers
v0000020e3deec4d0_0 .net *"_ivl_1185", 0 0, L_0000020e3df9e9a0;  1 drivers
v0000020e3deec2f0_0 .net *"_ivl_1188", 0 0, L_0000020e3df635e0;  1 drivers
v0000020e3deec6b0_0 .net *"_ivl_1189", 0 0, L_0000020e3df9e000;  1 drivers
v0000020e3deeb2b0_0 .net *"_ivl_119", 0 0, L_0000020e3df75600;  1 drivers
v0000020e3deeb210_0 .net *"_ivl_1191", 0 0, L_0000020e3df9dcf0;  1 drivers
v0000020e3deec930_0 .net *"_ivl_1193", 0 0, L_0000020e3df9e0e0;  1 drivers
v0000020e3deec7f0_0 .net *"_ivl_1196", 0 0, L_0000020e3df63720;  1 drivers
v0000020e3deeb8f0_0 .net *"_ivl_1197", 0 0, L_0000020e3df9f3b0;  1 drivers
v0000020e3deecb10_0 .net *"_ivl_1200", 0 0, L_0000020e3df621e0;  1 drivers
v0000020e3deeccf0_0 .net *"_ivl_1201", 0 0, L_0000020e3df9e4d0;  1 drivers
v0000020e3deeb990_0 .net *"_ivl_1204", 0 0, L_0000020e3df64260;  1 drivers
v0000020e3deed1f0_0 .net *"_ivl_1205", 0 0, L_0000020e3df9eaf0;  1 drivers
v0000020e3deecbb0_0 .net *"_ivl_1208", 0 0, L_0000020e3df63cc0;  1 drivers
v0000020e3deeabd0_0 .net *"_ivl_1209", 0 0, L_0000020e3df9dc10;  1 drivers
v0000020e3deec390_0 .net *"_ivl_1211", 0 0, L_0000020e3df9e5b0;  1 drivers
v0000020e3deec570_0 .net *"_ivl_1213", 0 0, L_0000020e3df9ea10;  1 drivers
v0000020e3deebdf0_0 .net *"_ivl_124", 0 0, L_0000020e3df75bb0;  1 drivers
v0000020e3deec9d0_0 .net *"_ivl_127", 0 0, L_0000020e3df6d680;  1 drivers
v0000020e3deec110_0 .net *"_ivl_128", 0 0, L_0000020e3df74790;  1 drivers
v0000020e3deeb530_0 .net *"_ivl_131", 0 0, L_0000020e3df6d720;  1 drivers
v0000020e3deeae50_0 .net *"_ivl_132", 0 0, L_0000020e3df74a30;  1 drivers
v0000020e3deeb350_0 .net *"_ivl_134", 0 0, L_0000020e3df74720;  1 drivers
v0000020e3deeac70_0 .net *"_ivl_137", 0 0, L_0000020e3df6dd60;  1 drivers
v0000020e3deebe90_0 .net *"_ivl_139", 0 0, L_0000020e3df6cd20;  1 drivers
v0000020e3deebad0_0 .net *"_ivl_14", 0 0, L_0000020e3de67ac0;  1 drivers
v0000020e3deecc50_0 .net *"_ivl_140", 0 0, L_0000020e3df74e20;  1 drivers
v0000020e3deeb3f0_0 .net *"_ivl_143", 0 0, L_0000020e3df6e620;  1 drivers
v0000020e3deeaef0_0 .net *"_ivl_144", 0 0, L_0000020e3df748e0;  1 drivers
v0000020e3deebb70_0 .net *"_ivl_147", 0 0, L_0000020e3df6d7c0;  1 drivers
v0000020e3deeaf90_0 .net *"_ivl_150", 0 0, L_0000020e3df750c0;  1 drivers
v0000020e3deec610_0 .net *"_ivl_152", 0 0, L_0000020e3df751a0;  1 drivers
v0000020e3deebc10_0 .net *"_ivl_154", 0 0, L_0000020e3df74250;  1 drivers
v0000020e3deebcb0_0 .net *"_ivl_156", 0 0, L_0000020e3df743a0;  1 drivers
v0000020e3deec750_0 .net *"_ivl_158", 0 0, L_0000020e3df75360;  1 drivers
v0000020e3deebf30_0 .net *"_ivl_160", 0 0, L_0000020e3df74e90;  1 drivers
v0000020e3deebfd0_0 .net *"_ivl_162", 0 0, L_0000020e3df753d0;  1 drivers
v0000020e3deec890_0 .net *"_ivl_169", 0 0, L_0000020e3df6dae0;  1 drivers
v0000020e3deece30_0 .net *"_ivl_17", 3 0, L_0000020e3deff980;  1 drivers
v0000020e3deeced0_0 .net/2u *"_ivl_170", 0 0, L_0000020e3df061a8;  1 drivers
v0000020e3deeeb90_0 .net *"_ivl_172", 0 0, L_0000020e3df74b10;  1 drivers
v0000020e3deed970_0 .net *"_ivl_175", 0 0, L_0000020e3df6d900;  1 drivers
v0000020e3deef130_0 .net *"_ivl_181", 0 0, L_0000020e3df6c500;  1 drivers
v0000020e3deef6d0_0 .net *"_ivl_182", 0 0, L_0000020e3df756e0;  1 drivers
v0000020e3deedc90_0 .net *"_ivl_185", 0 0, L_0000020e3df6e6c0;  1 drivers
v0000020e3deef770_0 .net *"_ivl_186", 0 0, L_0000020e3df74170;  1 drivers
v0000020e3deeec30_0 .net *"_ivl_193", 0 0, L_0000020e3df6c0a0;  1 drivers
v0000020e3deedb50_0 .net *"_ivl_194", 0 0, L_0000020e3df742c0;  1 drivers
v0000020e3deeeff0_0 .net *"_ivl_197", 0 0, L_0000020e3df6cb40;  1 drivers
v0000020e3deed650_0 .net *"_ivl_198", 0 0, L_0000020e3df75c20;  1 drivers
v0000020e3deef1d0_0 .net *"_ivl_206", 0 0, L_0000020e3df6d4a0;  1 drivers
v0000020e3deeee10_0 .net *"_ivl_207", 0 0, L_0000020e3df74100;  1 drivers
v0000020e3deeecd0_0 .net *"_ivl_214", 0 0, L_0000020e3df6d040;  1 drivers
v0000020e3deeea50_0 .net *"_ivl_215", 0 0, L_0000020e3df75ec0;  1 drivers
v0000020e3deede70_0 .net *"_ivl_217", 0 0, L_0000020e3df75fa0;  1 drivers
v0000020e3deef810_0 .net *"_ivl_219", 0 0, L_0000020e3df75d00;  1 drivers
v0000020e3deed510_0 .net *"_ivl_221", 0 0, L_0000020e3df75f30;  1 drivers
v0000020e3deed830_0 .net *"_ivl_224", 0 0, L_0000020e3df6c5a0;  1 drivers
v0000020e3deed3d0_0 .net *"_ivl_225", 0 0, L_0000020e3df75e50;  1 drivers
v0000020e3deeed70_0 .net *"_ivl_227", 0 0, L_0000020e3df75c90;  1 drivers
v0000020e3deedab0_0 .net *"_ivl_229", 0 0, L_0000020e3df75d70;  1 drivers
v0000020e3deed790_0 .net *"_ivl_231", 0 0, L_0000020e3df75de0;  1 drivers
v0000020e3deef950_0 .net *"_ivl_234", 0 0, L_0000020e3df6c640;  1 drivers
v0000020e3deee0f0_0 .net *"_ivl_235", 0 0, L_0000020e3df84d30;  1 drivers
v0000020e3deedbf0_0 .net *"_ivl_237", 0 0, L_0000020e3df85f20;  1 drivers
v0000020e3deef270_0 .net *"_ivl_24", 0 0, L_0000020e3df75980;  1 drivers
v0000020e3deedf10_0 .net *"_ivl_242", 0 0, L_0000020e3df6cc80;  1 drivers
v0000020e3deef090_0 .net *"_ivl_243", 0 0, L_0000020e3df855f0;  1 drivers
v0000020e3deedd30_0 .net *"_ivl_245", 0 0, L_0000020e3df85f90;  1 drivers
v0000020e3deeddd0_0 .net *"_ivl_247", 0 0, L_0000020e3df85200;  1 drivers
v0000020e3deedfb0_0 .net *"_ivl_249", 0 0, L_0000020e3df85660;  1 drivers
v0000020e3deefa90_0 .net *"_ivl_252", 0 0, L_0000020e3df6da40;  1 drivers
v0000020e3deee050_0 .net *"_ivl_253", 0 0, L_0000020e3df86150;  1 drivers
v0000020e3deeeaf0_0 .net *"_ivl_255", 0 0, L_0000020e3df84940;  1 drivers
v0000020e3deee190_0 .net *"_ivl_257", 0 0, L_0000020e3df861c0;  1 drivers
v0000020e3deef4f0_0 .net *"_ivl_259", 0 0, L_0000020e3df84860;  1 drivers
v0000020e3deef310_0 .net *"_ivl_262", 0 0, L_0000020e3df6e800;  1 drivers
v0000020e3deeeeb0_0 .net *"_ivl_263", 0 0, L_0000020e3df85820;  1 drivers
v0000020e3deed8d0_0 .net *"_ivl_265", 0 0, L_0000020e3df86230;  1 drivers
v0000020e3deed6f0_0 .net *"_ivl_27", 0 0, L_0000020e3df6caa0;  1 drivers
v0000020e3deef630_0 .net *"_ivl_270", 0 0, L_0000020e3df6e300;  1 drivers
v0000020e3deee9b0_0 .net *"_ivl_271", 0 0, L_0000020e3df85d60;  1 drivers
v0000020e3deed470_0 .net *"_ivl_273", 0 0, L_0000020e3df848d0;  1 drivers
v0000020e3deef3b0_0 .net *"_ivl_275", 0 0, L_0000020e3df85e40;  1 drivers
v0000020e3deef8b0_0 .net *"_ivl_277", 0 0, L_0000020e3df86070;  1 drivers
v0000020e3deee230_0 .net *"_ivl_28", 0 0, L_0000020e3df746b0;  1 drivers
v0000020e3deee2d0_0 .net *"_ivl_280", 0 0, L_0000020e3df6db80;  1 drivers
v0000020e3deee370_0 .net *"_ivl_281", 0 0, L_0000020e3df86380;  1 drivers
v0000020e3deeda10_0 .net *"_ivl_283", 0 0, L_0000020e3df84cc0;  1 drivers
v0000020e3deee910_0 .net *"_ivl_285", 0 0, L_0000020e3df849b0;  1 drivers
v0000020e3deed5b0_0 .net *"_ivl_287", 0 0, L_0000020e3df856d0;  1 drivers
v0000020e3deee870_0 .net *"_ivl_290", 0 0, L_0000020e3df6ce60;  1 drivers
v0000020e3deee410_0 .net *"_ivl_291", 0 0, L_0000020e3df85510;  1 drivers
v0000020e3deee5f0_0 .net *"_ivl_293", 0 0, L_0000020e3df84be0;  1 drivers
v0000020e3deeef50_0 .net *"_ivl_299", 0 0, L_0000020e3df6cfa0;  1 drivers
L_0000020e3df05ff8 .functor BUFT 1, C4<0000000000000000000000000000>, C4<0>, C4<0>, C4<0>;
v0000020e3deee4b0_0 .net *"_ivl_3", 27 0, L_0000020e3df05ff8;  1 drivers
v0000020e3deee550_0 .net *"_ivl_300", 0 0, L_0000020e3df85270;  1 drivers
v0000020e3deefb30_0 .net *"_ivl_302", 0 0, L_0000020e3df85eb0;  1 drivers
v0000020e3deee690_0 .net *"_ivl_304", 0 0, L_0000020e3df84a20;  1 drivers
v0000020e3deee730_0 .net *"_ivl_306", 0 0, L_0000020e3df85040;  1 drivers
v0000020e3deef9f0_0 .net *"_ivl_309", 0 0, L_0000020e3df6dc20;  1 drivers
v0000020e3deee7d0_0 .net *"_ivl_31", 0 0, L_0000020e3df6c460;  1 drivers
v0000020e3deef450_0 .net *"_ivl_310", 0 0, L_0000020e3df86000;  1 drivers
v0000020e3deef590_0 .net *"_ivl_312", 0 0, L_0000020e3df84a90;  1 drivers
v0000020e3def0210_0 .net *"_ivl_314", 0 0, L_0000020e3df863f0;  1 drivers
v0000020e3deefbd0_0 .net *"_ivl_316", 0 0, L_0000020e3df85c80;  1 drivers
v0000020e3def02b0_0 .net *"_ivl_319", 0 0, L_0000020e3df6d540;  1 drivers
v0000020e3deefc70_0 .net *"_ivl_32", 0 0, L_0000020e3df74f70;  1 drivers
v0000020e3deefd10_0 .net *"_ivl_320", 0 0, L_0000020e3df850b0;  1 drivers
v0000020e3def00d0_0 .net *"_ivl_322", 0 0, L_0000020e3df860e0;  1 drivers
v0000020e3deefe50_0 .net *"_ivl_327", 0 0, L_0000020e3df6d0e0;  1 drivers
v0000020e3deefdb0_0 .net *"_ivl_328", 0 0, L_0000020e3df84e80;  1 drivers
v0000020e3deefef0_0 .net *"_ivl_330", 0 0, L_0000020e3df862a0;  1 drivers
v0000020e3def0170_0 .net *"_ivl_333", 0 0, L_0000020e3df6dea0;  1 drivers
v0000020e3deeff90_0 .net *"_ivl_334", 0 0, L_0000020e3df84da0;  1 drivers
v0000020e3def0030_0 .net *"_ivl_336", 0 0, L_0000020e3df84b00;  1 drivers
v0000020e3def15a0_0 .net *"_ivl_34", 0 0, L_0000020e3df74950;  1 drivers
v0000020e3def10a0_0 .net *"_ivl_341", 0 0, L_0000020e3df6d2c0;  1 drivers
v0000020e3def16e0_0 .net *"_ivl_342", 0 0, L_0000020e3df86310;  1 drivers
v0000020e3def1780_0 .net *"_ivl_344", 0 0, L_0000020e3df85190;  1 drivers
v0000020e3def2ea0_0 .net *"_ivl_347", 0 0, L_0000020e3df6df40;  1 drivers
v0000020e3def1b40_0 .net *"_ivl_348", 0 0, L_0000020e3df84b70;  1 drivers
v0000020e3def2c20_0 .net *"_ivl_350", 0 0, L_0000020e3df85740;  1 drivers
v0000020e3def1820_0 .net *"_ivl_355", 0 0, L_0000020e3df6e1c0;  1 drivers
v0000020e3def18c0_0 .net *"_ivl_356", 0 0, L_0000020e3df84ef0;  1 drivers
v0000020e3def1960_0 .net *"_ivl_358", 0 0, L_0000020e3df859e0;  1 drivers
v0000020e3def36c0_0 .net *"_ivl_361", 0 0, L_0000020e3df6e260;  1 drivers
v0000020e3def1c80_0 .net *"_ivl_362", 0 0, L_0000020e3df857b0;  1 drivers
v0000020e3def2720_0 .net *"_ivl_364", 0 0, L_0000020e3df85890;  1 drivers
v0000020e3def1d20_0 .net *"_ivl_370", 0 0, L_0000020e3df6e3a0;  1 drivers
v0000020e3def3120_0 .net *"_ivl_371", 0 0, L_0000020e3df85120;  1 drivers
v0000020e3def2f40_0 .net *"_ivl_373", 0 0, L_0000020e3df852e0;  1 drivers
v0000020e3def27c0_0 .net *"_ivl_376", 0 0, L_0000020e3df6d400;  1 drivers
v0000020e3def3080_0 .net *"_ivl_377", 0 0, L_0000020e3df85b30;  1 drivers
v0000020e3def3760_0 .net *"_ivl_379", 0 0, L_0000020e3df85900;  1 drivers
v0000020e3def1500_0 .net *"_ivl_38", 0 0, L_0000020e3df75590;  1 drivers
v0000020e3def11e0_0 .net *"_ivl_384", 0 0, L_0000020e3df704c0;  1 drivers
v0000020e3def1a00_0 .net *"_ivl_385", 0 0, L_0000020e3df85970;  1 drivers
v0000020e3def1000_0 .net *"_ivl_387", 0 0, L_0000020e3df84c50;  1 drivers
v0000020e3def1be0_0 .net *"_ivl_389", 0 0, L_0000020e3df84e10;  1 drivers
v0000020e3def1dc0_0 .net *"_ivl_392", 0 0, L_0000020e3df70060;  1 drivers
v0000020e3def2860_0 .net *"_ivl_393", 0 0, L_0000020e3df84f60;  1 drivers
v0000020e3def24a0_0 .net *"_ivl_395", 0 0, L_0000020e3df85350;  1 drivers
v0000020e3def1aa0_0 .net *"_ivl_397", 0 0, L_0000020e3df85dd0;  1 drivers
v0000020e3def25e0_0 .net *"_ivl_399", 0 0, L_0000020e3df84fd0;  1 drivers
L_0000020e3df06040 .functor BUFT 1, C4<00000000000000000000000000001001>, C4<0>, C4<0>, C4<0>;
v0000020e3def2540_0 .net/2u *"_ivl_4", 31 0, L_0000020e3df06040;  1 drivers
v0000020e3def1fa0_0 .net *"_ivl_401", 0 0, L_0000020e3df853c0;  1 drivers
v0000020e3def1e60_0 .net *"_ivl_404", 0 0, L_0000020e3df6ff20;  1 drivers
v0000020e3def2fe0_0 .net *"_ivl_405", 0 0, L_0000020e3df85ac0;  1 drivers
v0000020e3def2360_0 .net *"_ivl_407", 0 0, L_0000020e3df85430;  1 drivers
v0000020e3def2900_0 .net *"_ivl_41", 0 0, L_0000020e3df6c280;  1 drivers
v0000020e3def2680_0 .net *"_ivl_412", 0 0, L_0000020e3df6fde0;  1 drivers
v0000020e3def20e0_0 .net *"_ivl_413", 0 0, L_0000020e3df854a0;  1 drivers
v0000020e3def2180_0 .net *"_ivl_415", 0 0, L_0000020e3df85a50;  1 drivers
v0000020e3def34e0_0 .net *"_ivl_417", 0 0, L_0000020e3df85580;  1 drivers
v0000020e3def13c0_0 .net *"_ivl_42", 0 0, L_0000020e3df75b40;  1 drivers
v0000020e3def2cc0_0 .net *"_ivl_420", 0 0, L_0000020e3df6f520;  1 drivers
v0000020e3def1f00_0 .net *"_ivl_421", 0 0, L_0000020e3df85ba0;  1 drivers
v0000020e3def1140_0 .net *"_ivl_423", 0 0, L_0000020e3df85c10;  1 drivers
v0000020e3def3440_0 .net *"_ivl_425", 0 0, L_0000020e3df85cf0;  1 drivers
v0000020e3def29a0_0 .net *"_ivl_427", 0 0, L_0000020e3df86a80;  1 drivers
v0000020e3def3580_0 .net *"_ivl_429", 0 0, L_0000020e3df87e30;  1 drivers
v0000020e3def2040_0 .net *"_ivl_432", 0 0, L_0000020e3df6fe80;  1 drivers
v0000020e3def2a40_0 .net *"_ivl_433", 0 0, L_0000020e3df86930;  1 drivers
v0000020e3def2400_0 .net *"_ivl_435", 0 0, L_0000020e3df86d20;  1 drivers
v0000020e3def1460_0 .net *"_ivl_440", 0 0, L_0000020e3df709c0;  1 drivers
v0000020e3def31c0_0 .net *"_ivl_441", 0 0, L_0000020e3df876c0;  1 drivers
v0000020e3def2ae0_0 .net *"_ivl_443", 0 0, L_0000020e3df87880;  1 drivers
v0000020e3def2220_0 .net *"_ivl_445", 0 0, L_0000020e3df87f80;  1 drivers
v0000020e3def2d60_0 .net *"_ivl_448", 0 0, L_0000020e3df6ed00;  1 drivers
v0000020e3def22c0_0 .net *"_ivl_449", 0 0, L_0000020e3df87260;  1 drivers
v0000020e3def2b80_0 .net *"_ivl_45", 0 0, L_0000020e3df6dcc0;  1 drivers
v0000020e3def3260_0 .net *"_ivl_451", 0 0, L_0000020e3df87ea0;  1 drivers
v0000020e3def2e00_0 .net *"_ivl_453", 0 0, L_0000020e3df869a0;  1 drivers
v0000020e3def3300_0 .net *"_ivl_455", 0 0, L_0000020e3df868c0;  1 drivers
v0000020e3def1640_0 .net *"_ivl_457", 0 0, L_0000020e3df86850;  1 drivers
v0000020e3def3620_0 .net *"_ivl_46", 0 0, L_0000020e3df74aa0;  1 drivers
v0000020e3def1280_0 .net *"_ivl_460", 0 0, L_0000020e3df70e20;  1 drivers
v0000020e3def33a0_0 .net *"_ivl_461", 0 0, L_0000020e3df878f0;  1 drivers
v0000020e3def1320_0 .net *"_ivl_463", 0 0, L_0000020e3df879d0;  1 drivers
v0000020e3def40c0_0 .net *"_ivl_469", 0 0, L_0000020e3df6f020;  1 drivers
v0000020e3def5380_0 .net *"_ivl_470", 0 0, L_0000020e3df86d90;  1 drivers
v0000020e3def3bc0_0 .net *"_ivl_472", 0 0, L_0000020e3df87340;  1 drivers
v0000020e3def3a80_0 .net *"_ivl_474", 0 0, L_0000020e3df86e70;  1 drivers
v0000020e3def5600_0 .net *"_ivl_477", 0 0, L_0000020e3df701a0;  1 drivers
v0000020e3def3e40_0 .net *"_ivl_478", 0 0, L_0000020e3df86a10;  1 drivers
v0000020e3def56a0_0 .net *"_ivl_48", 0 0, L_0000020e3df74410;  1 drivers
v0000020e3def43e0_0 .net *"_ivl_480", 0 0, L_0000020e3df86af0;  1 drivers
v0000020e3def54c0_0 .net *"_ivl_482", 0 0, L_0000020e3df873b0;  1 drivers
v0000020e3def5ec0_0 .net *"_ivl_484", 0 0, L_0000020e3df87960;  1 drivers
v0000020e3def5560_0 .net *"_ivl_486", 0 0, L_0000020e3df86b60;  1 drivers
v0000020e3def5740_0 .net *"_ivl_489", 0 0, L_0000020e3df6ffc0;  1 drivers
v0000020e3def57e0_0 .net *"_ivl_490", 0 0, L_0000020e3df87110;  1 drivers
v0000020e3def4480_0 .net *"_ivl_492", 0 0, L_0000020e3df865b0;  1 drivers
v0000020e3def5880_0 .net *"_ivl_497", 0 0, L_0000020e3df6f5c0;  1 drivers
v0000020e3def4c00_0 .net *"_ivl_498", 0 0, L_0000020e3df87490;  1 drivers
v0000020e3def5240_0 .net *"_ivl_500", 0 0, L_0000020e3df87420;  1 drivers
v0000020e3def47a0_0 .net *"_ivl_503", 0 0, L_0000020e3df70380;  1 drivers
v0000020e3def5920_0 .net *"_ivl_504", 0 0, L_0000020e3df87500;  1 drivers
v0000020e3def59c0_0 .net *"_ivl_506", 0 0, L_0000020e3df86690;  1 drivers
v0000020e3def45c0_0 .net *"_ivl_511", 0 0, L_0000020e3df6f0c0;  1 drivers
v0000020e3def3ee0_0 .net *"_ivl_512", 0 0, L_0000020e3df87ab0;  1 drivers
v0000020e3def4de0_0 .net *"_ivl_514", 0 0, L_0000020e3df87a40;  1 drivers
v0000020e3def4ca0_0 .net *"_ivl_517", 0 0, L_0000020e3df70a60;  1 drivers
v0000020e3def4840_0 .net *"_ivl_518", 0 0, L_0000020e3df86540;  1 drivers
v0000020e3def5a60_0 .net *"_ivl_52", 0 0, L_0000020e3df74870;  1 drivers
v0000020e3def4160_0 .net *"_ivl_520", 0 0, L_0000020e3df86620;  1 drivers
v0000020e3def4b60_0 .net *"_ivl_525", 0 0, L_0000020e3df6f700;  1 drivers
v0000020e3def3c60_0 .net *"_ivl_526", 0 0, L_0000020e3df87d50;  1 drivers
v0000020e3def3da0_0 .net *"_ivl_528", 0 0, L_0000020e3df86700;  1 drivers
v0000020e3def4020_0 .net *"_ivl_531", 0 0, L_0000020e3df70100;  1 drivers
v0000020e3def5d80_0 .net *"_ivl_532", 0 0, L_0000020e3df87dc0;  1 drivers
v0000020e3def4520_0 .net *"_ivl_534", 0 0, L_0000020e3df86770;  1 drivers
v0000020e3def5b00_0 .net *"_ivl_540", 0 0, L_0000020e3df70b00;  1 drivers
v0000020e3def4340_0 .net *"_ivl_541", 0 0, L_0000020e3df87b20;  1 drivers
v0000020e3def4660_0 .net *"_ivl_543", 0 0, L_0000020e3df86460;  1 drivers
v0000020e3def5ba0_0 .net *"_ivl_546", 0 0, L_0000020e3df707e0;  1 drivers
v0000020e3def5e20_0 .net *"_ivl_547", 0 0, L_0000020e3df872d0;  1 drivers
v0000020e3def5c40_0 .net *"_ivl_549", 0 0, L_0000020e3df867e0;  1 drivers
v0000020e3def4980_0 .net *"_ivl_55", 0 0, L_0000020e3df6e580;  1 drivers
v0000020e3def4700_0 .net *"_ivl_553", 0 0, L_0000020e3df86c40;  1 drivers
v0000020e3def4200_0 .net *"_ivl_558", 0 0, L_0000020e3df6fd40;  1 drivers
v0000020e3def5100_0 .net *"_ivl_56", 0 0, L_0000020e3df75830;  1 drivers
v0000020e3def4e80_0 .net *"_ivl_560", 0 0, L_0000020e3df70ba0;  1 drivers
v0000020e3def52e0_0 .net *"_ivl_562", 0 0, L_0000020e3df6f660;  1 drivers
v0000020e3def3f80_0 .net *"_ivl_563", 0 0, L_0000020e3df87180;  1 drivers
v0000020e3def42a0_0 .net *"_ivl_565", 0 0, L_0000020e3df86cb0;  1 drivers
v0000020e3def5ce0_0 .net *"_ivl_568", 0 0, L_0000020e3df6ee40;  1 drivers
v0000020e3def5420_0 .net *"_ivl_570", 0 0, L_0000020e3df71000;  1 drivers
v0000020e3def48e0_0 .net *"_ivl_571", 0 0, L_0000020e3df86e00;  1 drivers
v0000020e3def5f60_0 .net *"_ivl_578", 0 0, L_0000020e3df86f50;  1 drivers
v0000020e3def3800_0 .net *"_ivl_582", 0 0, L_0000020e3df6fac0;  1 drivers
v0000020e3def4a20_0 .net *"_ivl_583", 0 0, L_0000020e3df86fc0;  1 drivers
v0000020e3def38a0_0 .net *"_ivl_586", 0 0, L_0000020e3df70d80;  1 drivers
v0000020e3def3940_0 .net *"_ivl_587", 0 0, L_0000020e3df87b90;  1 drivers
v0000020e3def39e0_0 .net *"_ivl_589", 0 0, L_0000020e3df87730;  1 drivers
v0000020e3def4f20_0 .net *"_ivl_59", 0 0, L_0000020e3df6c140;  1 drivers
v0000020e3def4fc0_0 .net *"_ivl_592", 0 0, L_0000020e3df6ea80;  1 drivers
v0000020e3def4ac0_0 .net *"_ivl_593", 0 0, L_0000020e3df87ff0;  1 drivers
v0000020e3def3b20_0 .net *"_ivl_596", 0 0, L_0000020e3df70c40;  1 drivers
v0000020e3def4d40_0 .net *"_ivl_597", 0 0, L_0000020e3df875e0;  1 drivers
v0000020e3def5060_0 .net *"_ivl_60", 0 0, L_0000020e3df741e0;  1 drivers
v0000020e3def3d00_0 .net *"_ivl_600", 0 0, L_0000020e3df6f840;  1 drivers
v0000020e3def51a0_0 .net *"_ivl_601", 0 0, L_0000020e3df87ce0;  1 drivers
v0000020e3def8440_0 .net *"_ivl_604", 0 0, L_0000020e3df6e8a0;  1 drivers
v0000020e3def7180_0 .net *"_ivl_605", 0 0, L_0000020e3df87030;  1 drivers
v0000020e3def68c0_0 .net *"_ivl_607", 0 0, L_0000020e3df870a0;  1 drivers
v0000020e3def6fa0_0 .net *"_ivl_610", 0 0, L_0000020e3df6ef80;  1 drivers
v0000020e3def66e0_0 .net *"_ivl_611", 0 0, L_0000020e3df87650;  1 drivers
v0000020e3def7fe0_0 .net *"_ivl_613", 0 0, L_0000020e3df87c00;  1 drivers
v0000020e3def7360_0 .net *"_ivl_615", 0 0, L_0000020e3df871f0;  1 drivers
v0000020e3def7860_0 .net *"_ivl_62", 0 0, L_0000020e3df74800;  1 drivers
v0000020e3def7680_0 .net *"_ivl_621", 0 0, L_0000020e3df70ce0;  1 drivers
v0000020e3def70e0_0 .net *"_ivl_622", 0 0, L_0000020e3df877a0;  1 drivers
v0000020e3def7220_0 .net *"_ivl_625", 0 0, L_0000020e3df6f7a0;  1 drivers
v0000020e3def84e0_0 .net *"_ivl_626", 0 0, L_0000020e3df87810;  1 drivers
v0000020e3def63c0_0 .net *"_ivl_628", 0 0, L_0000020e3df87c70;  1 drivers
v0000020e3def7cc0_0 .net *"_ivl_631", 0 0, L_0000020e3df70880;  1 drivers
v0000020e3def6a00_0 .net *"_ivl_632", 0 0, L_0000020e3df87f10;  1 drivers
v0000020e3def6000_0 .net *"_ivl_635", 0 0, L_0000020e3df70600;  1 drivers
v0000020e3def8580_0 .net *"_ivl_636", 0 0, L_0000020e3df864d0;  1 drivers
v0000020e3def7900_0 .net *"_ivl_639", 0 0, L_0000020e3df70240;  1 drivers
v0000020e3def8620_0 .net *"_ivl_640", 0 0, L_0000020e3df88450;  1 drivers
v0000020e3def77c0_0 .net *"_ivl_643", 0 0, L_0000020e3df6f8e0;  1 drivers
v0000020e3def6500_0 .net *"_ivl_644", 0 0, L_0000020e3df88060;  1 drivers
v0000020e3def6280_0 .net *"_ivl_646", 0 0, L_0000020e3df88140;  1 drivers
v0000020e3def8260_0 .net *"_ivl_649", 0 0, L_0000020e3df70420;  1 drivers
v0000020e3def75e0_0 .net *"_ivl_650", 0 0, L_0000020e3df884c0;  1 drivers
v0000020e3def60a0_0 .net *"_ivl_652", 0 0, L_0000020e3df885a0;  1 drivers
v0000020e3def7f40_0 .net *"_ivl_654", 0 0, L_0000020e3df88530;  1 drivers
v0000020e3def8300_0 .net *"_ivl_659", 0 0, L_0000020e3df70920;  1 drivers
v0000020e3def6960_0 .net *"_ivl_660", 0 0, L_0000020e3df88220;  1 drivers
v0000020e3def6820_0 .net *"_ivl_663", 0 0, L_0000020e3df6f980;  1 drivers
v0000020e3def6aa0_0 .net *"_ivl_664", 0 0, L_0000020e3df88680;  1 drivers
v0000020e3def6460_0 .net *"_ivl_666", 0 0, L_0000020e3df88610;  1 drivers
v0000020e3def7540_0 .net *"_ivl_669", 0 0, L_0000020e3df6fa20;  1 drivers
v0000020e3def61e0_0 .net *"_ivl_67", 0 0, L_0000020e3df75a60;  1 drivers
v0000020e3def74a0_0 .net *"_ivl_670", 0 0, L_0000020e3df886f0;  1 drivers
v0000020e3def6140_0 .net *"_ivl_672", 0 0, L_0000020e3df88370;  1 drivers
v0000020e3def72c0_0 .net *"_ivl_675", 0 0, L_0000020e3df6f340;  1 drivers
v0000020e3def7720_0 .net *"_ivl_676", 0 0, L_0000020e3df880d0;  1 drivers
v0000020e3def6dc0_0 .net *"_ivl_678", 0 0, L_0000020e3df883e0;  1 drivers
v0000020e3def7400_0 .net *"_ivl_681", 0 0, L_0000020e3df6fb60;  1 drivers
v0000020e3def8760_0 .net *"_ivl_682", 0 0, L_0000020e3df88760;  1 drivers
v0000020e3def65a0_0 .net *"_ivl_685", 0 0, L_0000020e3df70ec0;  1 drivers
v0000020e3def6640_0 .net *"_ivl_686", 0 0, L_0000020e3df881b0;  1 drivers
v0000020e3def83a0_0 .net *"_ivl_689", 0 0, L_0000020e3df6f480;  1 drivers
v0000020e3def6780_0 .net *"_ivl_690", 0 0, L_0000020e3df88290;  1 drivers
v0000020e3def6b40_0 .net *"_ivl_692", 0 0, L_0000020e3df88300;  1 drivers
v0000020e3def79a0_0 .net *"_ivl_695", 0 0, L_0000020e3df70f60;  1 drivers
v0000020e3def86c0_0 .net *"_ivl_696", 0 0, L_0000020e3df924d0;  1 drivers
v0000020e3def6320_0 .net *"_ivl_698", 0 0, L_0000020e3df920e0;  1 drivers
v0000020e3def6be0_0 .net *"_ivl_70", 0 0, L_0000020e3df6e120;  1 drivers
v0000020e3def6c80_0 .net *"_ivl_700", 0 0, L_0000020e3df91f20;  1 drivers
v0000020e3def6d20_0 .net *"_ivl_702", 0 0, L_0000020e3df92380;  1 drivers
v0000020e3def7a40_0 .net *"_ivl_707", 0 0, L_0000020e3df6e9e0;  1 drivers
v0000020e3def6e60_0 .net *"_ivl_708", 0 0, L_0000020e3df91dd0;  1 drivers
v0000020e3def7ae0_0 .net *"_ivl_71", 0 0, L_0000020e3df74b80;  1 drivers
v0000020e3def7ea0_0 .net *"_ivl_711", 0 0, L_0000020e3df6f160;  1 drivers
v0000020e3def6f00_0 .net *"_ivl_712", 0 0, L_0000020e3df92000;  1 drivers
v0000020e3def7040_0 .net *"_ivl_714", 0 0, L_0000020e3df92070;  1 drivers
v0000020e3def7b80_0 .net *"_ivl_717", 0 0, L_0000020e3df6fc00;  1 drivers
v0000020e3def7c20_0 .net *"_ivl_718", 0 0, L_0000020e3df91e40;  1 drivers
v0000020e3def7d60_0 .net *"_ivl_721", 0 0, L_0000020e3df6f200;  1 drivers
v0000020e3def7e00_0 .net *"_ivl_722", 0 0, L_0000020e3df923f0;  1 drivers
v0000020e3def8080_0 .net *"_ivl_724", 0 0, L_0000020e3df92150;  1 drivers
v0000020e3def8120_0 .net *"_ivl_727", 0 0, L_0000020e3df6fca0;  1 drivers
v0000020e3def81c0_0 .net *"_ivl_728", 0 0, L_0000020e3df921c0;  1 drivers
v0000020e3def8bc0_0 .net *"_ivl_731", 0 0, L_0000020e3df6f2a0;  1 drivers
v0000020e3def8ee0_0 .net *"_ivl_732", 0 0, L_0000020e3df92230;  1 drivers
v0000020e3def8800_0 .net *"_ivl_735", 0 0, L_0000020e3df70560;  1 drivers
v0000020e3def8c60_0 .net *"_ivl_736", 0 0, L_0000020e3df922a0;  1 drivers
v0000020e3def8940_0 .net *"_ivl_739", 0 0, L_0000020e3df706a0;  1 drivers
v0000020e3def88a0_0 .net *"_ivl_74", 0 0, L_0000020e3df6c820;  1 drivers
v0000020e3def89e0_0 .net *"_ivl_740", 0 0, L_0000020e3df92310;  1 drivers
v0000020e3def8d00_0 .net *"_ivl_742", 0 0, L_0000020e3df92460;  1 drivers
v0000020e3def8a80_0 .net *"_ivl_744", 0 0, L_0000020e3df91eb0;  1 drivers
v0000020e3def8da0_0 .net *"_ivl_746", 0 0, L_0000020e3df91f90;  1 drivers
v0000020e3def8e40_0 .net *"_ivl_749", 0 0, L_0000020e3df70740;  1 drivers
v0000020e3def8b20_0 .net *"_ivl_75", 0 0, L_0000020e3df745d0;  1 drivers
v0000020e3defbd80_0 .net *"_ivl_751", 0 0, L_0000020e3df6eb20;  1 drivers
v0000020e3defa520_0 .net *"_ivl_752", 0 0, L_0000020e3df8f8a0;  1 drivers
v0000020e3defa200_0 .net *"_ivl_754", 0 0, L_0000020e3df8fb40;  1 drivers
v0000020e3defa840_0 .net *"_ivl_757", 0 0, L_0000020e3df6ebc0;  1 drivers
v0000020e3defc6e0_0 .net *"_ivl_758", 0 0, L_0000020e3df8f830;  1 drivers
v0000020e3defac00_0 .net *"_ivl_761", 0 0, L_0000020e3df6eda0;  1 drivers
v0000020e3defaca0_0 .net *"_ivl_762", 0 0, L_0000020e3df8fbb0;  1 drivers
v0000020e3defb740_0 .net *"_ivl_764", 0 0, L_0000020e3df8e6b0;  1 drivers
v0000020e3defb4c0_0 .net *"_ivl_766", 0 0, L_0000020e3df8f1a0;  1 drivers
v0000020e3defa8e0_0 .net *"_ivl_769", 0 0, L_0000020e3df6eee0;  1 drivers
v0000020e3defb600_0 .net *"_ivl_77", 0 0, L_0000020e3df744f0;  1 drivers
v0000020e3defb560_0 .net *"_ivl_771", 0 0, L_0000020e3df6f3e0;  1 drivers
v0000020e3defa2a0_0 .net *"_ivl_772", 0 0, L_0000020e3df8fec0;  1 drivers
v0000020e3defb6a0_0 .net *"_ivl_775", 0 0, L_0000020e3df71140;  1 drivers
v0000020e3defb380_0 .net *"_ivl_776", 0 0, L_0000020e3df8fde0;  1 drivers
v0000020e3defa0c0_0 .net *"_ivl_779", 0 0, L_0000020e3df71820;  1 drivers
v0000020e3defad40_0 .net *"_ivl_780", 0 0, L_0000020e3df8f6e0;  1 drivers
v0000020e3defbe20_0 .net *"_ivl_782", 0 0, L_0000020e3df8fa60;  1 drivers
v0000020e3defa980_0 .net *"_ivl_784", 0 0, L_0000020e3df8ef70;  1 drivers
v0000020e3defb920_0 .net *"_ivl_786", 0 0, L_0000020e3df8f210;  1 drivers
v0000020e3defb420_0 .net *"_ivl_791", 0 0, L_0000020e3df718c0;  1 drivers
v0000020e3defa3e0_0 .net *"_ivl_792", 0 0, L_0000020e3df8eb80;  1 drivers
v0000020e3defbf60_0 .net *"_ivl_795", 0 0, L_0000020e3df71be0;  1 drivers
v0000020e3defb9c0_0 .net *"_ivl_796", 0 0, L_0000020e3df8f3d0;  1 drivers
v0000020e3defafc0_0 .net *"_ivl_798", 0 0, L_0000020e3df8f590;  1 drivers
L_0000020e3df06088 .functor BUFT 1, C4<0001>, C4<0>, C4<0>, C4<0>;
v0000020e3defbc40_0 .net/2u *"_ivl_8", 3 0, L_0000020e3df06088;  1 drivers
v0000020e3defade0_0 .net *"_ivl_801", 0 0, L_0000020e3df71f00;  1 drivers
v0000020e3defae80_0 .net *"_ivl_802", 0 0, L_0000020e3df8ff30;  1 drivers
v0000020e3defc280_0 .net *"_ivl_805", 0 0, L_0000020e3df71960;  1 drivers
v0000020e3defbec0_0 .net *"_ivl_806", 0 0, L_0000020e3df8ee20;  1 drivers
v0000020e3defb240_0 .net *"_ivl_808", 0 0, L_0000020e3df8f440;  1 drivers
v0000020e3defa5c0_0 .net *"_ivl_81", 0 0, L_0000020e3df75440;  1 drivers
v0000020e3defc640_0 .net *"_ivl_810", 0 0, L_0000020e3df8fad0;  1 drivers
v0000020e3defc500_0 .net *"_ivl_815", 0 0, L_0000020e3df71a00;  1 drivers
v0000020e3defbce0_0 .net *"_ivl_816", 0 0, L_0000020e3df8e950;  1 drivers
v0000020e3defc320_0 .net *"_ivl_819", 0 0, L_0000020e3df716e0;  1 drivers
v0000020e3defaa20_0 .net *"_ivl_820", 0 0, L_0000020e3df8ffa0;  1 drivers
v0000020e3defbba0_0 .net *"_ivl_822", 0 0, L_0000020e3df90160;  1 drivers
v0000020e3defa480_0 .net *"_ivl_825", 0 0, L_0000020e3df71e60;  1 drivers
v0000020e3defa340_0 .net *"_ivl_826", 0 0, L_0000020e3df8f0c0;  1 drivers
v0000020e3defc000_0 .net *"_ivl_828", 0 0, L_0000020e3df8f4b0;  1 drivers
v0000020e3defa660_0 .net *"_ivl_831", 0 0, L_0000020e3df71500;  1 drivers
v0000020e3defc0a0_0 .net *"_ivl_832", 0 0, L_0000020e3df8ea30;  1 drivers
v0000020e3defaf20_0 .net *"_ivl_834", 0 0, L_0000020e3df8f280;  1 drivers
v0000020e3defc140_0 .net *"_ivl_837", 0 0, L_0000020e3df710a0;  1 drivers
v0000020e3defc780_0 .net *"_ivl_838", 0 0, L_0000020e3df8efe0;  1 drivers
v0000020e3defc1e0_0 .net *"_ivl_84", 0 0, L_0000020e3df6c8c0;  1 drivers
v0000020e3defc3c0_0 .net *"_ivl_841", 0 0, L_0000020e3df713c0;  1 drivers
v0000020e3defc460_0 .net *"_ivl_842", 0 0, L_0000020e3df8e5d0;  1 drivers
v0000020e3defb060_0 .net *"_ivl_845", 0 0, L_0000020e3df711e0;  1 drivers
v0000020e3defc5a0_0 .net *"_ivl_846", 0 0, L_0000020e3df8f050;  1 drivers
v0000020e3defb7e0_0 .net *"_ivl_848", 0 0, L_0000020e3df8fc20;  1 drivers
v0000020e3defba60_0 .net *"_ivl_85", 0 0, L_0000020e3df75280;  1 drivers
v0000020e3defb100_0 .net *"_ivl_851", 0 0, L_0000020e3df71aa0;  1 drivers
v0000020e3defa020_0 .net *"_ivl_852", 0 0, L_0000020e3df8edb0;  1 drivers
v0000020e3defa160_0 .net *"_ivl_854", 0 0, L_0000020e3df90010;  1 drivers
v0000020e3defb1a0_0 .net *"_ivl_856", 0 0, L_0000020e3df8fe50;  1 drivers
v0000020e3defa700_0 .net *"_ivl_858", 0 0, L_0000020e3df8f750;  1 drivers
v0000020e3defb880_0 .net *"_ivl_861", 0 0, L_0000020e3df71b40;  1 drivers
v0000020e3defbb00_0 .net *"_ivl_862", 0 0, L_0000020e3df8f9f0;  1 drivers
v0000020e3defb2e0_0 .net *"_ivl_865", 0 0, L_0000020e3df71280;  1 drivers
v0000020e3defa7a0_0 .net *"_ivl_866", 0 0, L_0000020e3df8f130;  1 drivers
v0000020e3defaac0_0 .net *"_ivl_869", 0 0, L_0000020e3df71320;  1 drivers
v0000020e3defab60_0 .net *"_ivl_870", 0 0, L_0000020e3df8fd00;  1 drivers
v0000020e3defcbe0_0 .net *"_ivl_873", 0 0, L_0000020e3df71460;  1 drivers
v0000020e3defcdc0_0 .net *"_ivl_874", 0 0, L_0000020e3df8e9c0;  1 drivers
v0000020e3defd040_0 .net *"_ivl_876", 0 0, L_0000020e3df90080;  1 drivers
v0000020e3defeda0_0 .net *"_ivl_878", 0 0, L_0000020e3df8eb10;  1 drivers
v0000020e3defd400_0 .net *"_ivl_88", 0 0, L_0000020e3df6d5e0;  1 drivers
v0000020e3defde00_0 .net *"_ivl_881", 0 0, L_0000020e3df71640;  1 drivers
v0000020e3defe580_0 .net *"_ivl_883", 0 0, L_0000020e3df71780;  1 drivers
v0000020e3defce60_0 .net *"_ivl_884", 0 0, L_0000020e3df8fc90;  1 drivers
v0000020e3defebc0_0 .net *"_ivl_886", 0 0, L_0000020e3df8e640;  1 drivers
v0000020e3defee40_0 .net *"_ivl_889", 0 0, L_0000020e3df71c80;  1 drivers
v0000020e3defec60_0 .net *"_ivl_89", 0 0, L_0000020e3df749c0;  1 drivers
v0000020e3defd9a0_0 .net *"_ivl_890", 0 0, L_0000020e3df8fd70;  1 drivers
v0000020e3defd680_0 .net *"_ivl_893", 0 0, L_0000020e3df71d20;  1 drivers
v0000020e3defd0e0_0 .net *"_ivl_894", 0 0, L_0000020e3df8f520;  1 drivers
v0000020e3defe120_0 .net *"_ivl_896", 0 0, L_0000020e3df8ebf0;  1 drivers
v0000020e3defdea0_0 .net *"_ivl_898", 0 0, L_0000020e3df900f0;  1 drivers
v0000020e3defe300_0 .net *"_ivl_900", 0 0, L_0000020e3df8f600;  1 drivers
v0000020e3defcf00_0 .net *"_ivl_903", 0 0, L_0000020e3df715a0;  1 drivers
v0000020e3defcfa0_0 .net *"_ivl_905", 0 0, L_0000020e3df71dc0;  1 drivers
v0000020e3defe620_0 .net *"_ivl_906", 0 0, L_0000020e3df8f670;  1 drivers
v0000020e3defe440_0 .net *"_ivl_909", 0 0, L_0000020e3df62be0;  1 drivers
v0000020e3defd2c0_0 .net *"_ivl_91", 0 0, L_0000020e3df74480;  1 drivers
v0000020e3defe760_0 .net *"_ivl_910", 0 0, L_0000020e3df8f2f0;  1 drivers
v0000020e3defe940_0 .net *"_ivl_913", 0 0, L_0000020e3df63b80;  1 drivers
v0000020e3defd360_0 .net *"_ivl_914", 0 0, L_0000020e3df8ee90;  1 drivers
v0000020e3defeee0_0 .net *"_ivl_916", 0 0, L_0000020e3df8f360;  1 drivers
v0000020e3defe6c0_0 .net *"_ivl_918", 0 0, L_0000020e3df8ec60;  1 drivers
v0000020e3defed00_0 .net *"_ivl_923", 0 0, L_0000020e3df63f40;  1 drivers
v0000020e3defd860_0 .net *"_ivl_924", 0 0, L_0000020e3df8f7c0;  1 drivers
v0000020e3defd900_0 .net *"_ivl_927", 0 0, L_0000020e3df64120;  1 drivers
v0000020e3defe9e0_0 .net *"_ivl_928", 0 0, L_0000020e3df8ecd0;  1 drivers
v0000020e3defef80_0 .net *"_ivl_930", 0 0, L_0000020e3df8f910;  1 drivers
v0000020e3defc820_0 .net *"_ivl_933", 0 0, L_0000020e3df641c0;  1 drivers
v0000020e3defc8c0_0 .net *"_ivl_934", 0 0, L_0000020e3df8e720;  1 drivers
v0000020e3defc960_0 .net *"_ivl_936", 0 0, L_0000020e3df8f980;  1 drivers
v0000020e3defe4e0_0 .net *"_ivl_939", 0 0, L_0000020e3df63680;  1 drivers
v0000020e3defea80_0 .net *"_ivl_940", 0 0, L_0000020e3df8e790;  1 drivers
v0000020e3defd180_0 .net *"_ivl_942", 0 0, L_0000020e3df8e800;  1 drivers
v0000020e3defe3a0_0 .net *"_ivl_945", 0 0, L_0000020e3df64300;  1 drivers
v0000020e3defcc80_0 .net *"_ivl_946", 0 0, L_0000020e3df8e870;  1 drivers
v0000020e3defcaa0_0 .net *"_ivl_949", 0 0, L_0000020e3df620a0;  1 drivers
v0000020e3defe800_0 .net *"_ivl_95", 0 0, L_0000020e3df75910;  1 drivers
v0000020e3defd220_0 .net *"_ivl_950", 0 0, L_0000020e3df8ed40;  1 drivers
v0000020e3defe8a0_0 .net *"_ivl_952", 0 0, L_0000020e3df8ef00;  1 drivers
v0000020e3defd4a0_0 .net *"_ivl_955", 0 0, L_0000020e3df63a40;  1 drivers
v0000020e3defeb20_0 .net *"_ivl_956", 0 0, L_0000020e3df8e8e0;  1 drivers
v0000020e3defca00_0 .net *"_ivl_959", 0 0, L_0000020e3df63ea0;  1 drivers
v0000020e3defcb40_0 .net *"_ivl_960", 0 0, L_0000020e3df8eaa0;  1 drivers
v0000020e3defcd20_0 .net *"_ivl_962", 0 0, L_0000020e3df917b0;  1 drivers
v0000020e3defd540_0 .net *"_ivl_964", 0 0, L_0000020e3df919e0;  1 drivers
v0000020e3defd5e0_0 .net *"_ivl_967", 0 0, L_0000020e3df634a0;  1 drivers
v0000020e3defd720_0 .net *"_ivl_968", 0 0, L_0000020e3df908d0;  1 drivers
v0000020e3defdc20_0 .net *"_ivl_971", 0 0, L_0000020e3df63900;  1 drivers
v0000020e3defe260_0 .net *"_ivl_972", 0 0, L_0000020e3df915f0;  1 drivers
v0000020e3defd7c0_0 .net *"_ivl_975", 0 0, L_0000020e3df63180;  1 drivers
v0000020e3defda40_0 .net *"_ivl_976", 0 0, L_0000020e3df90fd0;  1 drivers
v0000020e3defdae0_0 .net *"_ivl_978", 0 0, L_0000020e3df90be0;  1 drivers
v0000020e3defdb80_0 .net *"_ivl_98", 0 0, L_0000020e3df6dfe0;  1 drivers
v0000020e3defdcc0_0 .net *"_ivl_981", 0 0, L_0000020e3df62b40;  1 drivers
v0000020e3defdf40_0 .net *"_ivl_982", 0 0, L_0000020e3df902b0;  1 drivers
v0000020e3defdd60_0 .net *"_ivl_984", 0 0, L_0000020e3df90c50;  1 drivers
v0000020e3defdfe0_0 .net *"_ivl_986", 0 0, L_0000020e3df901d0;  1 drivers
v0000020e3defe080_0 .net *"_ivl_988", 0 0, L_0000020e3df91c10;  1 drivers
v0000020e3defe1c0_0 .net *"_ivl_99", 0 0, L_0000020e3df75050;  1 drivers
v0000020e3df00380_0 .net *"_ivl_991", 0 0, L_0000020e3df63ae0;  1 drivers
v0000020e3deff3e0_0 .net *"_ivl_992", 0 0, L_0000020e3df913c0;  1 drivers
v0000020e3deff5c0_0 .net *"_ivl_995", 0 0, L_0000020e3df62c80;  1 drivers
v0000020e3deff840_0 .net *"_ivl_996", 0 0, L_0000020e3df907f0;  1 drivers
v0000020e3df015a0_0 .net *"_ivl_999", 0 0, L_0000020e3df62140;  1 drivers
v0000020e3deffc00_0 .var "active", 0 0;
v0000020e3df00920_0 .net "bw0", 0 0, L_0000020e3df75670;  1 drivers
v0000020e3df00d80_0 .net "bw1", 0 0, L_0000020e3df75750;  1 drivers
v0000020e3df00e20_0 .net "bw2", 0 0, L_0000020e3df74090;  1 drivers
v0000020e3df00ec0_0 .net "clk", 0 0, v0000020e3df009c0_0;  1 drivers
v0000020e3df00420_0 .net "done", 0 0, L_0000020e3df87570;  alias, 1 drivers
v0000020e3df013c0_0 .net "enable", 0 0, L_0000020e3df74560;  1 drivers
v0000020e3deff200_0 .net "hold_A", 0 0, L_0000020e3df74f00;  1 drivers
v0000020e3df00f60_0 .net "load", 0 0, v0000020e3defff20_0;  1 drivers
v0000020e3df01460_0 .net "next_A", 3 0, L_0000020e3df6d360;  1 drivers
v0000020e3df001a0_0 .net "next_B", 3 0, L_0000020e3df702e0;  1 drivers
v0000020e3deffe80_0 .net "next_active", 0 0, L_0000020e3df86bd0;  1 drivers
v0000020e3deffca0_0 .net "next_timer", 3 0, L_0000020e3de67c80;  1 drivers
v0000020e3df00740_0 .net "op", 0 0, v0000020e3df016e0_0;  1 drivers
v0000020e3deffde0_0 .net "piso_actual", 3 0, L_0000020e3de67e40;  alias, 1 drivers
v0000020e3df004c0_0 .net "piso_init", 3 0, v0000020e3df00060_0;  1 drivers
v0000020e3deffd40_0 .net "pisos_delta", 3 0, v0000020e3df006a0_0;  1 drivers
v0000020e3df01000_0 .net "pwm_level", 2 0, L_0000020e3df6e940;  alias, 1 drivers
v0000020e3deff0c0_0 .net "reset_timer", 0 0, L_0000020e3de67040;  1 drivers
v0000020e3df010a0_0 .net "rst_n", 0 0, v0000020e3df00a60_0;  1 drivers
v0000020e3deff700_0 .net "seg", 6 0, L_0000020e3df9f570;  alias, 1 drivers
v0000020e3df01140_0 .net "seg_out", 6 0, L_0000020e3df630e0;  1 drivers
v0000020e3df00560_0 .net "step_A", 3 0, L_0000020e3df6c320;  1 drivers
v0000020e3df00880_0 .net "tick", 0 0, L_0000020e3deff8e0;  1 drivers
v0000020e3deff160_0 .var "timer", 3 0;
v0000020e3df00600_0 .net "timer_inc", 3 0, L_0000020e3df00ba0;  1 drivers
v0000020e3df00100_0 .net "update", 0 0, L_0000020e3df74330;  1 drivers
E_0000020e3de4a6c0/0 .event negedge, v0000020e3df010a0_0;
E_0000020e3de4a6c0/1 .event posedge, v0000020e3df00ec0_0;
E_0000020e3de4a6c0 .event/or E_0000020e3de4a6c0/0, E_0000020e3de4a6c0/1;
L_0000020e3df01780 .concat [ 4 28 0 0], v0000020e3deff160_0, L_0000020e3df05ff8;
L_0000020e3deff8e0 .cmp/eq 32, L_0000020e3df01780, L_0000020e3df06040;
L_0000020e3df00ba0 .arith/sum 4, v0000020e3deff160_0, L_0000020e3df06088;
L_0000020e3deff980 .repeat 4, 4, L_0000020e3de67ac0;
L_0000020e3df6caa0 .part L_0000020e3df01b40, 0, 1;
L_0000020e3df6c460 .part L_0000020e3df6a3e0, 0, 1;
L_0000020e3df6c280 .part L_0000020e3df01b40, 1, 1;
L_0000020e3df6dcc0 .part L_0000020e3df6a3e0, 1, 1;
L_0000020e3df6e580 .part L_0000020e3df01b40, 2, 1;
L_0000020e3df6c140 .part L_0000020e3df6a3e0, 2, 1;
L_0000020e3df6c320 .concat8 [ 1 1 1 1], L_0000020e3df74950, L_0000020e3df74410, L_0000020e3df74800, L_0000020e3df744f0;
L_0000020e3df6e120 .part L_0000020e3df01b40, 3, 1;
L_0000020e3df6c820 .part L_0000020e3df6a3e0, 3, 1;
L_0000020e3df6c8c0 .part L_0000020e3df6a2a0, 0, 1;
L_0000020e3df6d5e0 .part L_0000020e3df6e4e0, 0, 1;
L_0000020e3df6dfe0 .part L_0000020e3df6a2a0, 1, 1;
L_0000020e3df6de00 .part L_0000020e3df6e4e0, 1, 1;
L_0000020e3df6e760 .part L_0000020e3df6a2a0, 2, 1;
L_0000020e3df6c3c0 .part L_0000020e3df6e4e0, 2, 1;
L_0000020e3df6c6e0 .concat8 [ 1 1 1 1], L_0000020e3df74480, L_0000020e3df75ad0, L_0000020e3df75600, L_0000020e3df74720;
L_0000020e3df6d680 .part L_0000020e3df6a2a0, 3, 1;
L_0000020e3df6d720 .part L_0000020e3df6e4e0, 3, 1;
L_0000020e3df6dd60 .part v0000020e3dedaf40_0, 3, 1;
L_0000020e3df6cd20 .part v0000020e3dedaf40_0, 2, 1;
L_0000020e3df6e620 .part v0000020e3dedaf40_0, 1, 1;
L_0000020e3df6d7c0 .part v0000020e3dedaf40_0, 0, 1;
L_0000020e3df6dae0 .part v0000020e3dedaf40_0, 0, 1;
L_0000020e3df6d900 .part v0000020e3dedaf40_0, 0, 1;
L_0000020e3df6c500 .part v0000020e3dedaf40_0, 1, 1;
L_0000020e3df6e6c0 .part v0000020e3dedaf40_0, 1, 1;
L_0000020e3df6c0a0 .part v0000020e3dedaf40_0, 2, 1;
L_0000020e3df6cb40 .part v0000020e3dedaf40_0, 2, 1;
L_0000020e3df6d9a0 .concat8 [ 1 1 1 1], L_0000020e3df74b10, L_0000020e3df756e0, L_0000020e3df742c0, L_0000020e3df74100;
L_0000020e3df6d4a0 .part v0000020e3dedaf40_0, 3, 1;
L_0000020e3df6d040 .part v0000020e3df00060_0, 0, 1;
L_0000020e3df6c5a0 .part L_0000020e3df6c320, 0, 1;
L_0000020e3df6c640 .part v0000020e3deda5e0_0, 0, 1;
L_0000020e3df6cc80 .part v0000020e3df00060_0, 1, 1;
L_0000020e3df6da40 .part L_0000020e3df6c320, 1, 1;
L_0000020e3df6e800 .part v0000020e3deda5e0_0, 1, 1;
L_0000020e3df6e300 .part v0000020e3df00060_0, 2, 1;
L_0000020e3df6db80 .part L_0000020e3df6c320, 2, 1;
L_0000020e3df6ce60 .part v0000020e3deda5e0_0, 2, 1;
L_0000020e3df6cf00 .concat8 [ 1 1 1 1], L_0000020e3df85f20, L_0000020e3df86230, L_0000020e3df84be0, L_0000020e3df860e0;
L_0000020e3df6cfa0 .part v0000020e3df00060_0, 3, 1;
L_0000020e3df6dc20 .part L_0000020e3df6c320, 3, 1;
L_0000020e3df6d540 .part v0000020e3deda5e0_0, 3, 1;
L_0000020e3df6d0e0 .part L_0000020e3df6cf00, 0, 1;
L_0000020e3df6dea0 .part v0000020e3deda5e0_0, 0, 1;
L_0000020e3df6d2c0 .part L_0000020e3df6cf00, 1, 1;
L_0000020e3df6df40 .part v0000020e3deda5e0_0, 1, 1;
L_0000020e3df6e1c0 .part L_0000020e3df6cf00, 2, 1;
L_0000020e3df6e260 .part v0000020e3deda5e0_0, 2, 1;
L_0000020e3df6d360 .concat8 [ 1 1 1 1], L_0000020e3df84b00, L_0000020e3df85740, L_0000020e3df85890, L_0000020e3df85900;
L_0000020e3df6e3a0 .part L_0000020e3df6cf00, 3, 1;
L_0000020e3df6d400 .part v0000020e3deda5e0_0, 3, 1;
L_0000020e3df704c0 .part L_0000020e3df6c6e0, 0, 1;
L_0000020e3df70060 .part L_0000020e3df6d9a0, 0, 1;
L_0000020e3df6ff20 .part v0000020e3dedaf40_0, 0, 1;
L_0000020e3df6fde0 .part L_0000020e3df6c6e0, 1, 1;
L_0000020e3df6f520 .part L_0000020e3df6d9a0, 1, 1;
L_0000020e3df6fe80 .part v0000020e3dedaf40_0, 1, 1;
L_0000020e3df709c0 .part L_0000020e3df6c6e0, 2, 1;
L_0000020e3df6ed00 .part L_0000020e3df6d9a0, 2, 1;
L_0000020e3df70e20 .part v0000020e3dedaf40_0, 2, 1;
L_0000020e3df6ec60 .concat8 [ 1 1 1 1], L_0000020e3df85430, L_0000020e3df86d20, L_0000020e3df879d0, L_0000020e3df865b0;
L_0000020e3df6f020 .part L_0000020e3df6c6e0, 3, 1;
L_0000020e3df701a0 .part L_0000020e3df6d9a0, 3, 1;
L_0000020e3df6ffc0 .part v0000020e3dedaf40_0, 3, 1;
L_0000020e3df6f5c0 .part L_0000020e3df6ec60, 0, 1;
L_0000020e3df70380 .part v0000020e3dedaf40_0, 0, 1;
L_0000020e3df6f0c0 .part L_0000020e3df6ec60, 1, 1;
L_0000020e3df70a60 .part v0000020e3dedaf40_0, 1, 1;
L_0000020e3df6f700 .part L_0000020e3df6ec60, 2, 1;
L_0000020e3df70100 .part v0000020e3dedaf40_0, 2, 1;
L_0000020e3df702e0 .concat8 [ 1 1 1 1], L_0000020e3df86690, L_0000020e3df86620, L_0000020e3df86770, L_0000020e3df867e0;
L_0000020e3df70b00 .part L_0000020e3df6ec60, 3, 1;
L_0000020e3df707e0 .part v0000020e3dedaf40_0, 3, 1;
L_0000020e3df6fd40 .part v0000020e3dedaf40_0, 3, 1;
L_0000020e3df70ba0 .part v0000020e3dedaf40_0, 2, 1;
L_0000020e3df6f660 .part v0000020e3dedaf40_0, 1, 1;
L_0000020e3df6ee40 .part v0000020e3dedaf40_0, 2, 1;
L_0000020e3df71000 .part v0000020e3dedaf40_0, 0, 1;
L_0000020e3df6fac0 .part v0000020e3dedaf40_0, 3, 1;
L_0000020e3df70d80 .part v0000020e3dedaf40_0, 2, 1;
L_0000020e3df6ea80 .part v0000020e3dedaf40_0, 1, 1;
L_0000020e3df70c40 .part v0000020e3dedaf40_0, 3, 1;
L_0000020e3df6f840 .part v0000020e3dedaf40_0, 2, 1;
L_0000020e3df6e8a0 .part v0000020e3dedaf40_0, 1, 1;
L_0000020e3df6ef80 .part v0000020e3dedaf40_0, 0, 1;
L_0000020e3df6e940 .concat8 [ 1 1 1 0], L_0000020e3df88530, L_0000020e3df871f0, L_0000020e3df86f50;
L_0000020e3df70ce0 .part v0000020e3dedaf40_0, 3, 1;
L_0000020e3df6f7a0 .part v0000020e3dedaf40_0, 2, 1;
L_0000020e3df70880 .part v0000020e3dedaf40_0, 0, 1;
L_0000020e3df70600 .part v0000020e3dedaf40_0, 3, 1;
L_0000020e3df70240 .part v0000020e3dedaf40_0, 2, 1;
L_0000020e3df6f8e0 .part v0000020e3dedaf40_0, 1, 1;
L_0000020e3df70420 .part v0000020e3dedaf40_0, 0, 1;
L_0000020e3df70920 .part v0000020e3deda5e0_0, 3, 1;
L_0000020e3df6f980 .part v0000020e3deda5e0_0, 2, 1;
L_0000020e3df6fa20 .part v0000020e3deda5e0_0, 1, 1;
L_0000020e3df6f340 .part v0000020e3deda5e0_0, 0, 1;
L_0000020e3df6fb60 .part v0000020e3deda5e0_0, 3, 1;
L_0000020e3df70ec0 .part v0000020e3deda5e0_0, 2, 1;
L_0000020e3df6f480 .part v0000020e3deda5e0_0, 1, 1;
L_0000020e3df70f60 .part v0000020e3deda5e0_0, 0, 1;
L_0000020e3df6e9e0 .part v0000020e3deda5e0_0, 3, 1;
L_0000020e3df6f160 .part v0000020e3deda5e0_0, 2, 1;
L_0000020e3df6fc00 .part v0000020e3deda5e0_0, 1, 1;
L_0000020e3df6f200 .part v0000020e3deda5e0_0, 0, 1;
L_0000020e3df6fca0 .part v0000020e3deda5e0_0, 3, 1;
L_0000020e3df6f2a0 .part v0000020e3deda5e0_0, 2, 1;
L_0000020e3df70560 .part v0000020e3deda5e0_0, 1, 1;
L_0000020e3df706a0 .part v0000020e3deda5e0_0, 0, 1;
L_0000020e3df70740 .part v0000020e3deda5e0_0, 3, 1;
L_0000020e3df6eb20 .part v0000020e3deda5e0_0, 2, 1;
L_0000020e3df6ebc0 .part v0000020e3deda5e0_0, 1, 1;
L_0000020e3df6eda0 .part v0000020e3deda5e0_0, 0, 1;
L_0000020e3df6eee0 .part v0000020e3deda5e0_0, 3, 1;
L_0000020e3df6f3e0 .part v0000020e3deda5e0_0, 2, 1;
L_0000020e3df71140 .part v0000020e3deda5e0_0, 1, 1;
L_0000020e3df71820 .part v0000020e3deda5e0_0, 0, 1;
L_0000020e3df718c0 .part v0000020e3deda5e0_0, 3, 1;
L_0000020e3df71be0 .part v0000020e3deda5e0_0, 2, 1;
L_0000020e3df71f00 .part v0000020e3deda5e0_0, 1, 1;
L_0000020e3df71960 .part v0000020e3deda5e0_0, 0, 1;
L_0000020e3df71a00 .part v0000020e3deda5e0_0, 3, 1;
L_0000020e3df716e0 .part v0000020e3deda5e0_0, 2, 1;
L_0000020e3df71e60 .part v0000020e3deda5e0_0, 1, 1;
L_0000020e3df71500 .part v0000020e3deda5e0_0, 0, 1;
L_0000020e3df710a0 .part v0000020e3deda5e0_0, 3, 1;
L_0000020e3df713c0 .part v0000020e3deda5e0_0, 2, 1;
L_0000020e3df711e0 .part v0000020e3deda5e0_0, 1, 1;
L_0000020e3df71aa0 .part v0000020e3deda5e0_0, 0, 1;
L_0000020e3df71b40 .part v0000020e3deda5e0_0, 3, 1;
L_0000020e3df71280 .part v0000020e3deda5e0_0, 2, 1;
L_0000020e3df71320 .part v0000020e3deda5e0_0, 1, 1;
L_0000020e3df71460 .part v0000020e3deda5e0_0, 0, 1;
L_0000020e3df71640 .part v0000020e3deda5e0_0, 3, 1;
L_0000020e3df71780 .part v0000020e3deda5e0_0, 2, 1;
L_0000020e3df71c80 .part v0000020e3deda5e0_0, 1, 1;
L_0000020e3df71d20 .part v0000020e3deda5e0_0, 0, 1;
L_0000020e3df715a0 .part v0000020e3deda5e0_0, 3, 1;
L_0000020e3df71dc0 .part v0000020e3deda5e0_0, 2, 1;
L_0000020e3df62be0 .part v0000020e3deda5e0_0, 1, 1;
L_0000020e3df63b80 .part v0000020e3deda5e0_0, 0, 1;
L_0000020e3df63f40 .part v0000020e3deda5e0_0, 3, 1;
L_0000020e3df64120 .part v0000020e3deda5e0_0, 2, 1;
L_0000020e3df641c0 .part v0000020e3deda5e0_0, 1, 1;
L_0000020e3df63680 .part v0000020e3deda5e0_0, 0, 1;
L_0000020e3df64300 .part v0000020e3deda5e0_0, 3, 1;
L_0000020e3df620a0 .part v0000020e3deda5e0_0, 2, 1;
L_0000020e3df63a40 .part v0000020e3deda5e0_0, 1, 1;
L_0000020e3df63ea0 .part v0000020e3deda5e0_0, 0, 1;
L_0000020e3df634a0 .part v0000020e3deda5e0_0, 3, 1;
L_0000020e3df63900 .part v0000020e3deda5e0_0, 2, 1;
L_0000020e3df63180 .part v0000020e3deda5e0_0, 1, 1;
L_0000020e3df62b40 .part v0000020e3deda5e0_0, 0, 1;
L_0000020e3df63ae0 .part v0000020e3deda5e0_0, 3, 1;
L_0000020e3df62c80 .part v0000020e3deda5e0_0, 2, 1;
L_0000020e3df62140 .part v0000020e3deda5e0_0, 1, 1;
L_0000020e3df637c0 .part v0000020e3deda5e0_0, 0, 1;
L_0000020e3df63540 .part v0000020e3deda5e0_0, 3, 1;
L_0000020e3df632c0 .part v0000020e3deda5e0_0, 2, 1;
L_0000020e3df63860 .part v0000020e3deda5e0_0, 1, 1;
L_0000020e3df62a00 .part v0000020e3deda5e0_0, 0, 1;
L_0000020e3df62d20 .part v0000020e3deda5e0_0, 3, 1;
L_0000020e3df62dc0 .part v0000020e3deda5e0_0, 2, 1;
L_0000020e3df639a0 .part v0000020e3deda5e0_0, 1, 1;
L_0000020e3df643a0 .part v0000020e3deda5e0_0, 0, 1;
L_0000020e3df62640 .part v0000020e3deda5e0_0, 3, 1;
L_0000020e3df62780 .part v0000020e3deda5e0_0, 2, 1;
L_0000020e3df62460 .part v0000020e3deda5e0_0, 1, 1;
L_0000020e3df644e0 .part v0000020e3deda5e0_0, 0, 1;
L_0000020e3df62820 .part v0000020e3deda5e0_0, 3, 1;
L_0000020e3df63fe0 .part v0000020e3deda5e0_0, 2, 1;
L_0000020e3df63360 .part v0000020e3deda5e0_0, 1, 1;
L_0000020e3df62e60 .part v0000020e3deda5e0_0, 0, 1;
L_0000020e3df62f00 .part v0000020e3deda5e0_0, 3, 1;
L_0000020e3df623c0 .part v0000020e3deda5e0_0, 2, 1;
L_0000020e3df64080 .part v0000020e3deda5e0_0, 1, 1;
L_0000020e3df62fa0 .part v0000020e3deda5e0_0, 0, 1;
L_0000020e3df63c20 .part v0000020e3deda5e0_0, 3, 1;
L_0000020e3df63040 .part v0000020e3deda5e0_0, 2, 1;
L_0000020e3df63400 .part v0000020e3deda5e0_0, 1, 1;
L_0000020e3df64620 .part v0000020e3deda5e0_0, 0, 1;
LS_0000020e3df630e0_0_0 .concat8 [ 1 1 1 1], L_0000020e3df92380, L_0000020e3df8f210, L_0000020e3df8fad0, L_0000020e3df8ec60;
LS_0000020e3df630e0_0_4 .concat8 [ 1 1 1 0], L_0000020e3df90240, L_0000020e3df904e0, L_0000020e3df9ea10;
L_0000020e3df630e0 .concat8 [ 4 3 0 0], LS_0000020e3df630e0_0_0, LS_0000020e3df630e0_0_4;
L_0000020e3df62aa0 .part v0000020e3deda5e0_0, 3, 1;
L_0000020e3df62500 .part v0000020e3deda5e0_0, 2, 1;
L_0000020e3df64580 .part v0000020e3deda5e0_0, 1, 1;
L_0000020e3df628c0 .part v0000020e3deda5e0_0, 0, 1;
L_0000020e3df626e0 .part v0000020e3deda5e0_0, 3, 1;
L_0000020e3df646c0 .part v0000020e3deda5e0_0, 2, 1;
L_0000020e3df63220 .part v0000020e3deda5e0_0, 1, 1;
L_0000020e3df635e0 .part v0000020e3deda5e0_0, 0, 1;
L_0000020e3df63720 .part v0000020e3deda5e0_0, 3, 1;
L_0000020e3df621e0 .part v0000020e3deda5e0_0, 2, 1;
L_0000020e3df64260 .part v0000020e3deda5e0_0, 1, 1;
L_0000020e3df63cc0 .part v0000020e3deda5e0_0, 0, 1;
S_0000020e3dd4d000 .scope module, "adder" "ALU_Adder" 4 68, 5 10 0, S_0000020e3dd8a5a0;
 .timescale -9 -12;
    .port_info 0 /INPUT 4 "piso_init";
    .port_info 1 /INPUT 4 "pisos_subir";
    .port_info 2 /INPUT 4 "A_reg";
    .port_info 3 /OUTPUT 4 "A_plus1";
    .port_info 4 /OUTPUT 1 "A_eq_max";
    .port_info 5 /OUTPUT 4 "B_restantes";
L_0000020e3df060d0 .functor BUFT 1, C4<1>, C4<0>, C4<0>, C4<0>;
L_0000020e3de682a0 .functor XOR 1, L_0000020e3deffa20, L_0000020e3df060d0, C4<0>, C4<0>;
L_0000020e3df06118 .functor BUFT 1, C4<1>, C4<0>, C4<0>, C4<0>;
L_0000020e3de67b30 .functor AND 1, L_0000020e3df00ce0, L_0000020e3df06118, C4<1>, C4<1>;
L_0000020e3de68310 .functor XOR 1, L_0000020e3deff020, L_0000020e3de67b30, C4<0>, C4<0>;
L_0000020e3de67c10 .functor AND 1, L_0000020e3deffac0, L_0000020e3de67b30, C4<1>, C4<1>;
L_0000020e3de68380 .functor XOR 1, L_0000020e3deffb60, L_0000020e3de67c10, C4<0>, C4<0>;
L_0000020e3de67d60 .functor AND 1, L_0000020e3df01c80, L_0000020e3de67c10, C4<1>, C4<1>;
L_0000020e3de67580 .functor XOR 1, L_0000020e3df01dc0, L_0000020e3de67d60, C4<0>, C4<0>;
L_0000020e3de675f0 .functor AND 1, L_0000020e3df01be0, L_0000020e3df01d20, C4<1>, C4<1>;
L_0000020e3de67660 .functor AND 1, L_0000020e3de675f0, L_0000020e3df01e60, C4<1>, C4<1>;
L_0000020e3de67dd0 .functor AND 1, L_0000020e3de67660, L_0000020e3df01f00, C4<1>, C4<1>;
L_0000020e3de66da0 .functor NOT 1, L_0000020e3df01820, C4<0>, C4<0>, C4<0>;
L_0000020e3de67f20 .functor NOT 1, L_0000020e3df01960, C4<0>, C4<0>, C4<0>;
L_0000020e3de66e10 .functor NOT 1, L_0000020e3df018c0, C4<0>, C4<0>, C4<0>;
L_0000020e3de66fd0 .functor NOT 1, L_0000020e3df01aa0, C4<0>, C4<0>, C4<0>;
L_0000020e3de67f90 .functor XOR 1, L_0000020e3df6aac0, L_0000020e3df6bc40, C4<0>, C4<0>;
L_0000020e3de68000 .functor AND 1, L_0000020e3df6a520, L_0000020e3df6a200, C4<1>, C4<1>;
L_0000020e3de670b0 .functor XOR 1, L_0000020e3df6a0c0, L_0000020e3df6a5c0, C4<0>, C4<0>;
L_0000020e3de680e0 .functor XOR 1, L_0000020e3de670b0, L_0000020e3de68000, C4<0>, C4<0>;
L_0000020e3de68150 .functor AND 1, L_0000020e3df6ade0, L_0000020e3df6a340, C4<1>, C4<1>;
L_0000020e3de672e0 .functor AND 1, L_0000020e3df699e0, L_0000020e3de68000, C4<1>, C4<1>;
L_0000020e3de683f0 .functor OR 1, L_0000020e3de68150, L_0000020e3de672e0, C4<0>, C4<0>;
L_0000020e3de68460 .functor AND 1, L_0000020e3df6a700, L_0000020e3de68000, C4<1>, C4<1>;
L_0000020e3de67120 .functor OR 1, L_0000020e3de683f0, L_0000020e3de68460, C4<0>, C4<0>;
L_0000020e3de67200 .functor XOR 1, L_0000020e3df6b2e0, L_0000020e3df69e40, C4<0>, C4<0>;
L_0000020e3de688c0 .functor XOR 1, L_0000020e3de67200, L_0000020e3de67120, C4<0>, C4<0>;
L_0000020e3de68850 .functor AND 1, L_0000020e3df6b740, L_0000020e3df69a80, C4<1>, C4<1>;
L_0000020e3de68690 .functor AND 1, L_0000020e3df69f80, L_0000020e3de67120, C4<1>, C4<1>;
L_0000020e3de68770 .functor OR 1, L_0000020e3de68850, L_0000020e3de68690, C4<0>, C4<0>;
L_0000020e3de68700 .functor AND 1, L_0000020e3df69b20, L_0000020e3de67120, C4<1>, C4<1>;
L_0000020e3de68930 .functor OR 1, L_0000020e3de68770, L_0000020e3de68700, C4<0>, C4<0>;
L_0000020e3de689a0 .functor XOR 1, L_0000020e3df6ae80, L_0000020e3df6aca0, C4<0>, C4<0>;
L_0000020e3de687e0 .functor XOR 1, L_0000020e3de689a0, L_0000020e3de68930, C4<0>, C4<0>;
L_0000020e3df73350 .functor AND 1, L_0000020e3df6b4c0, L_0000020e3df6aa20, C4<1>, C4<1>;
L_0000020e3df72a20 .functor AND 1, L_0000020e3df6afc0, L_0000020e3de68930, C4<1>, C4<1>;
L_0000020e3df72630 .functor OR 1, L_0000020e3df73350, L_0000020e3df72a20, C4<0>, C4<0>;
L_0000020e3df72470 .functor AND 1, L_0000020e3df6b7e0, L_0000020e3de68930, C4<1>, C4<1>;
L_0000020e3df72550 .functor OR 1, L_0000020e3df72630, L_0000020e3df72470, C4<0>, C4<0>;
L_0000020e3df73890 .functor AND 1, L_0000020e3df72550, L_0000020e3df6a8e0, C4<1>, C4<1>;
L_0000020e3df72860 .functor NOT 1, L_0000020e3df72550, C4<0>, C4<0>, C4<0>;
L_0000020e3df72cc0 .functor AND 1, L_0000020e3df72860, L_0000020e3df6bec0, C4<1>, C4<1>;
L_0000020e3df73040 .functor OR 1, L_0000020e3df73890, L_0000020e3df72cc0, C4<0>, C4<0>;
L_0000020e3df72780 .functor AND 1, L_0000020e3df72550, L_0000020e3df6b060, C4<1>, C4<1>;
L_0000020e3df739e0 .functor NOT 1, L_0000020e3df72550, C4<0>, C4<0>, C4<0>;
L_0000020e3df726a0 .functor AND 1, L_0000020e3df739e0, L_0000020e3df698a0, C4<1>, C4<1>;
L_0000020e3df73120 .functor OR 1, L_0000020e3df72780, L_0000020e3df726a0, C4<0>, C4<0>;
L_0000020e3df728d0 .functor AND 1, L_0000020e3df72550, L_0000020e3df69940, C4<1>, C4<1>;
L_0000020e3df72fd0 .functor NOT 1, L_0000020e3df72550, C4<0>, C4<0>, C4<0>;
L_0000020e3df73200 .functor AND 1, L_0000020e3df72fd0, L_0000020e3df69bc0, C4<1>, C4<1>;
L_0000020e3df72a90 .functor OR 1, L_0000020e3df728d0, L_0000020e3df73200, C4<0>, C4<0>;
L_0000020e3df72f60 .functor AND 1, L_0000020e3df72550, L_0000020e3df69ee0, C4<1>, C4<1>;
L_0000020e3df73a50 .functor NOT 1, L_0000020e3df72550, C4<0>, C4<0>, C4<0>;
L_0000020e3df72080 .functor AND 1, L_0000020e3df73a50, L_0000020e3df6a020, C4<1>, C4<1>;
L_0000020e3df72d30 .functor OR 1, L_0000020e3df72f60, L_0000020e3df72080, C4<0>, C4<0>;
v0000020e3de6a6d0_0 .net "A_eq_max", 0 0, L_0000020e3de67dd0;  alias, 1 drivers
v0000020e3de69b90_0 .net "A_plus1", 3 0, L_0000020e3df01b40;  alias, 1 drivers
v0000020e3de69870_0 .net "A_reg", 3 0, v0000020e3deda5e0_0;  1 drivers
v0000020e3de6a590_0 .net "B_restantes", 3 0, L_0000020e3df6a2a0;  alias, 1 drivers
v0000020e3de6a310_0 .net/2u *"_ivl_10", 0 0, L_0000020e3df06118;  1 drivers
v0000020e3de69910_0 .net *"_ivl_100", 0 0, L_0000020e3de670b0;  1 drivers
v0000020e3de6a9f0_0 .net *"_ivl_102", 0 0, L_0000020e3de680e0;  1 drivers
v0000020e3de68c90_0 .net *"_ivl_105", 0 0, L_0000020e3df6ade0;  1 drivers
v0000020e3de68d30_0 .net *"_ivl_107", 0 0, L_0000020e3df6a340;  1 drivers
v0000020e3de6aa90_0 .net *"_ivl_108", 0 0, L_0000020e3de68150;  1 drivers
v0000020e3de69ff0_0 .net *"_ivl_111", 0 0, L_0000020e3df699e0;  1 drivers
v0000020e3de6a770_0 .net *"_ivl_112", 0 0, L_0000020e3de672e0;  1 drivers
v0000020e3de6a810_0 .net *"_ivl_114", 0 0, L_0000020e3de683f0;  1 drivers
v0000020e3de6a8b0_0 .net *"_ivl_117", 0 0, L_0000020e3df6a700;  1 drivers
v0000020e3de6ab30_0 .net *"_ivl_118", 0 0, L_0000020e3de68460;  1 drivers
v0000020e3de6af90_0 .net *"_ivl_125", 0 0, L_0000020e3df6b2e0;  1 drivers
v0000020e3de68f10_0 .net *"_ivl_127", 0 0, L_0000020e3df69e40;  1 drivers
v0000020e3de6ad10_0 .net *"_ivl_128", 0 0, L_0000020e3de67200;  1 drivers
v0000020e3de694b0_0 .net *"_ivl_130", 0 0, L_0000020e3de688c0;  1 drivers
v0000020e3de68ab0_0 .net *"_ivl_133", 0 0, L_0000020e3df6b740;  1 drivers
v0000020e3de6aef0_0 .net *"_ivl_135", 0 0, L_0000020e3df69a80;  1 drivers
v0000020e3de6adb0_0 .net *"_ivl_136", 0 0, L_0000020e3de68850;  1 drivers
v0000020e3de6b0d0_0 .net *"_ivl_139", 0 0, L_0000020e3df69f80;  1 drivers
v0000020e3de6b210_0 .net *"_ivl_140", 0 0, L_0000020e3de68690;  1 drivers
v0000020e3de68fb0_0 .net *"_ivl_142", 0 0, L_0000020e3de68770;  1 drivers
v0000020e3de68dd0_0 .net *"_ivl_145", 0 0, L_0000020e3df69b20;  1 drivers
v0000020e3de69190_0 .net *"_ivl_146", 0 0, L_0000020e3de68700;  1 drivers
v0000020e3de69230_0 .net *"_ivl_154", 0 0, L_0000020e3df6ae80;  1 drivers
v0000020e3de692d0_0 .net *"_ivl_156", 0 0, L_0000020e3df6aca0;  1 drivers
v0000020e3de69550_0 .net *"_ivl_157", 0 0, L_0000020e3de689a0;  1 drivers
v0000020e3de695f0_0 .net *"_ivl_159", 0 0, L_0000020e3de687e0;  1 drivers
v0000020e3de27250_0 .net *"_ivl_162", 0 0, L_0000020e3df6b4c0;  1 drivers
v0000020e3de27750_0 .net *"_ivl_164", 0 0, L_0000020e3df6aa20;  1 drivers
v0000020e3de286f0_0 .net *"_ivl_165", 0 0, L_0000020e3df73350;  1 drivers
v0000020e3de3de30_0 .net *"_ivl_168", 0 0, L_0000020e3df6afc0;  1 drivers
v0000020e3de40450_0 .net *"_ivl_169", 0 0, L_0000020e3df72a20;  1 drivers
v0000020e3de0b7c0_0 .net *"_ivl_17", 0 0, L_0000020e3deff020;  1 drivers
v0000020e3dedbb20_0 .net *"_ivl_171", 0 0, L_0000020e3df72630;  1 drivers
v0000020e3dedc0c0_0 .net *"_ivl_174", 0 0, L_0000020e3df6b7e0;  1 drivers
v0000020e3dedc020_0 .net *"_ivl_175", 0 0, L_0000020e3df72470;  1 drivers
v0000020e3dedb4e0_0 .net *"_ivl_18", 0 0, L_0000020e3de68310;  1 drivers
v0000020e3dedcb60_0 .net *"_ivl_182", 0 0, L_0000020e3df6a8e0;  1 drivers
v0000020e3dedb940_0 .net *"_ivl_183", 0 0, L_0000020e3df73890;  1 drivers
v0000020e3dedd100_0 .net *"_ivl_185", 0 0, L_0000020e3df72860;  1 drivers
v0000020e3dedd6a0_0 .net *"_ivl_188", 0 0, L_0000020e3df6bec0;  1 drivers
v0000020e3dedbc60_0 .net *"_ivl_189", 0 0, L_0000020e3df72cc0;  1 drivers
v0000020e3dedd740_0 .net *"_ivl_191", 0 0, L_0000020e3df73040;  1 drivers
v0000020e3dedcc00_0 .net *"_ivl_196", 0 0, L_0000020e3df6b060;  1 drivers
v0000020e3dedbbc0_0 .net *"_ivl_197", 0 0, L_0000020e3df72780;  1 drivers
v0000020e3dedcfc0_0 .net *"_ivl_199", 0 0, L_0000020e3df739e0;  1 drivers
v0000020e3dedb620_0 .net *"_ivl_202", 0 0, L_0000020e3df698a0;  1 drivers
v0000020e3dedd1a0_0 .net *"_ivl_203", 0 0, L_0000020e3df726a0;  1 drivers
v0000020e3dedcde0_0 .net *"_ivl_205", 0 0, L_0000020e3df73120;  1 drivers
v0000020e3dedcca0_0 .net *"_ivl_21", 0 0, L_0000020e3deffac0;  1 drivers
v0000020e3dedca20_0 .net *"_ivl_210", 0 0, L_0000020e3df69940;  1 drivers
v0000020e3dedbe40_0 .net *"_ivl_211", 0 0, L_0000020e3df728d0;  1 drivers
v0000020e3dedd7e0_0 .net *"_ivl_213", 0 0, L_0000020e3df72fd0;  1 drivers
v0000020e3dedb580_0 .net *"_ivl_216", 0 0, L_0000020e3df69bc0;  1 drivers
v0000020e3dedb800_0 .net *"_ivl_217", 0 0, L_0000020e3df73200;  1 drivers
v0000020e3dedb3a0_0 .net *"_ivl_219", 0 0, L_0000020e3df72a90;  1 drivers
v0000020e3dedcd40_0 .net *"_ivl_225", 0 0, L_0000020e3df69ee0;  1 drivers
v0000020e3dedba80_0 .net *"_ivl_226", 0 0, L_0000020e3df72f60;  1 drivers
v0000020e3dedb760_0 .net *"_ivl_228", 0 0, L_0000020e3df73a50;  1 drivers
v0000020e3dedd920_0 .net *"_ivl_231", 0 0, L_0000020e3df6a020;  1 drivers
v0000020e3dedc160_0 .net *"_ivl_232", 0 0, L_0000020e3df72080;  1 drivers
v0000020e3dedbd00_0 .net *"_ivl_234", 0 0, L_0000020e3df72d30;  1 drivers
v0000020e3dedd240_0 .net *"_ivl_27", 0 0, L_0000020e3deffb60;  1 drivers
v0000020e3dedbee0_0 .net *"_ivl_28", 0 0, L_0000020e3de68380;  1 drivers
v0000020e3dedc7a0_0 .net *"_ivl_3", 0 0, L_0000020e3deffa20;  1 drivers
v0000020e3dedce80_0 .net *"_ivl_31", 0 0, L_0000020e3df01c80;  1 drivers
v0000020e3dedd9c0_0 .net *"_ivl_38", 0 0, L_0000020e3df01dc0;  1 drivers
v0000020e3dedc5c0_0 .net *"_ivl_39", 0 0, L_0000020e3de67580;  1 drivers
v0000020e3dedcf20_0 .net/2u *"_ivl_4", 0 0, L_0000020e3df060d0;  1 drivers
v0000020e3dedc200_0 .net *"_ivl_42", 0 0, L_0000020e3df01be0;  1 drivers
v0000020e3dedb9e0_0 .net *"_ivl_44", 0 0, L_0000020e3df01d20;  1 drivers
v0000020e3dedc980_0 .net *"_ivl_45", 0 0, L_0000020e3de675f0;  1 drivers
v0000020e3dedc840_0 .net *"_ivl_48", 0 0, L_0000020e3df01e60;  1 drivers
v0000020e3dedc3e0_0 .net *"_ivl_49", 0 0, L_0000020e3de67660;  1 drivers
v0000020e3dedd2e0_0 .net *"_ivl_52", 0 0, L_0000020e3df01f00;  1 drivers
v0000020e3dedbda0_0 .net *"_ivl_58", 0 0, L_0000020e3df01820;  1 drivers
v0000020e3dedc700_0 .net *"_ivl_59", 0 0, L_0000020e3de66da0;  1 drivers
v0000020e3dedb440_0 .net *"_ivl_6", 0 0, L_0000020e3de682a0;  1 drivers
v0000020e3dedc8e0_0 .net *"_ivl_64", 0 0, L_0000020e3df01960;  1 drivers
v0000020e3dedbf80_0 .net *"_ivl_65", 0 0, L_0000020e3de67f20;  1 drivers
v0000020e3dedd060_0 .net *"_ivl_70", 0 0, L_0000020e3df018c0;  1 drivers
v0000020e3dedd880_0 .net *"_ivl_71", 0 0, L_0000020e3de66e10;  1 drivers
v0000020e3dedd560_0 .net *"_ivl_77", 0 0, L_0000020e3df01aa0;  1 drivers
v0000020e3dedc2a0_0 .net *"_ivl_78", 0 0, L_0000020e3de66fd0;  1 drivers
v0000020e3dedc340_0 .net *"_ivl_83", 0 0, L_0000020e3df6aac0;  1 drivers
v0000020e3dedda60_0 .net *"_ivl_85", 0 0, L_0000020e3df6bc40;  1 drivers
v0000020e3deddb00_0 .net *"_ivl_86", 0 0, L_0000020e3de67f90;  1 drivers
v0000020e3dedb6c0_0 .net *"_ivl_89", 0 0, L_0000020e3df6a520;  1 drivers
v0000020e3dedc520_0 .net *"_ivl_9", 0 0, L_0000020e3df00ce0;  1 drivers
v0000020e3dedc480_0 .net *"_ivl_91", 0 0, L_0000020e3df6a200;  1 drivers
v0000020e3dedc660_0 .net *"_ivl_97", 0 0, L_0000020e3df6a0c0;  1 drivers
v0000020e3dedd380_0 .net *"_ivl_99", 0 0, L_0000020e3df6a5c0;  1 drivers
v0000020e3dedcac0_0 .net "c0", 0 0, L_0000020e3de67b30;  1 drivers
v0000020e3dedd420_0 .net "c1", 0 0, L_0000020e3de67c10;  1 drivers
v0000020e3dedd4c0_0 .net "c2", 0 0, L_0000020e3de67d60;  1 drivers
v0000020e3dedd600_0 .net "c_ab0", 0 0, L_0000020e3de68000;  1 drivers
v0000020e3dedb8a0_0 .net "c_ab1", 0 0, L_0000020e3de67120;  1 drivers
v0000020e3deddba0_0 .net "c_ab2", 0 0, L_0000020e3de68930;  1 drivers
v0000020e3dede140_0 .net "carry_up", 0 0, L_0000020e3df72550;  1 drivers
v0000020e3deddd80_0 .net "piso_init", 3 0, v0000020e3df00060_0;  alias, 1 drivers
v0000020e3dede1e0_0 .net "pisos_disp", 3 0, L_0000020e3df01a00;  1 drivers
v0000020e3deddf60_0 .net "pisos_subir", 3 0, v0000020e3df006a0_0;  alias, 1 drivers
v0000020e3dede0a0_0 .net "sum_check", 3 0, L_0000020e3df6a160;  1 drivers
L_0000020e3deffa20 .part v0000020e3deda5e0_0, 0, 1;
L_0000020e3df00ce0 .part v0000020e3deda5e0_0, 0, 1;
L_0000020e3deff020 .part v0000020e3deda5e0_0, 1, 1;
L_0000020e3deffac0 .part v0000020e3deda5e0_0, 1, 1;
L_0000020e3deffb60 .part v0000020e3deda5e0_0, 2, 1;
L_0000020e3df01c80 .part v0000020e3deda5e0_0, 2, 1;
L_0000020e3df01b40 .concat8 [ 1 1 1 1], L_0000020e3de682a0, L_0000020e3de68310, L_0000020e3de68380, L_0000020e3de67580;
L_0000020e3df01dc0 .part v0000020e3deda5e0_0, 3, 1;
L_0000020e3df01be0 .part v0000020e3deda5e0_0, 3, 1;
L_0000020e3df01d20 .part v0000020e3deda5e0_0, 2, 1;
L_0000020e3df01e60 .part v0000020e3deda5e0_0, 1, 1;
L_0000020e3df01f00 .part v0000020e3deda5e0_0, 0, 1;
L_0000020e3df01820 .part v0000020e3df00060_0, 0, 1;
L_0000020e3df01960 .part v0000020e3df00060_0, 1, 1;
L_0000020e3df018c0 .part v0000020e3df00060_0, 2, 1;
L_0000020e3df01a00 .concat8 [ 1 1 1 1], L_0000020e3de66da0, L_0000020e3de67f20, L_0000020e3de66e10, L_0000020e3de66fd0;
L_0000020e3df01aa0 .part v0000020e3df00060_0, 3, 1;
L_0000020e3df6aac0 .part v0000020e3df00060_0, 0, 1;
L_0000020e3df6bc40 .part v0000020e3df006a0_0, 0, 1;
L_0000020e3df6a520 .part v0000020e3df00060_0, 0, 1;
L_0000020e3df6a200 .part v0000020e3df006a0_0, 0, 1;
L_0000020e3df6a0c0 .part v0000020e3df00060_0, 1, 1;
L_0000020e3df6a5c0 .part v0000020e3df006a0_0, 1, 1;
L_0000020e3df6ade0 .part v0000020e3df00060_0, 1, 1;
L_0000020e3df6a340 .part v0000020e3df006a0_0, 1, 1;
L_0000020e3df699e0 .part v0000020e3df00060_0, 1, 1;
L_0000020e3df6a700 .part v0000020e3df006a0_0, 1, 1;
L_0000020e3df6b2e0 .part v0000020e3df00060_0, 2, 1;
L_0000020e3df69e40 .part v0000020e3df006a0_0, 2, 1;
L_0000020e3df6b740 .part v0000020e3df00060_0, 2, 1;
L_0000020e3df69a80 .part v0000020e3df006a0_0, 2, 1;
L_0000020e3df69f80 .part v0000020e3df00060_0, 2, 1;
L_0000020e3df69b20 .part v0000020e3df006a0_0, 2, 1;
L_0000020e3df6a160 .concat8 [ 1 1 1 1], L_0000020e3de67f90, L_0000020e3de680e0, L_0000020e3de688c0, L_0000020e3de687e0;
L_0000020e3df6ae80 .part v0000020e3df00060_0, 3, 1;
L_0000020e3df6aca0 .part v0000020e3df006a0_0, 3, 1;
L_0000020e3df6b4c0 .part v0000020e3df00060_0, 3, 1;
L_0000020e3df6aa20 .part v0000020e3df006a0_0, 3, 1;
L_0000020e3df6afc0 .part v0000020e3df00060_0, 3, 1;
L_0000020e3df6b7e0 .part v0000020e3df006a0_0, 3, 1;
L_0000020e3df6a8e0 .part L_0000020e3df01a00, 0, 1;
L_0000020e3df6bec0 .part v0000020e3df006a0_0, 0, 1;
L_0000020e3df6b060 .part L_0000020e3df01a00, 1, 1;
L_0000020e3df698a0 .part v0000020e3df006a0_0, 1, 1;
L_0000020e3df69940 .part L_0000020e3df01a00, 2, 1;
L_0000020e3df69bc0 .part v0000020e3df006a0_0, 2, 1;
L_0000020e3df6a2a0 .concat8 [ 1 1 1 1], L_0000020e3df73040, L_0000020e3df73120, L_0000020e3df72a90, L_0000020e3df72d30;
L_0000020e3df69ee0 .part L_0000020e3df01a00, 3, 1;
L_0000020e3df6a020 .part v0000020e3df006a0_0, 3, 1;
S_0000020e3dd4d190 .scope module, "substractor" "ALU_Substractor" 4 81, 6 8 0, S_0000020e3dd8a5a0;
 .timescale -9 -12;
    .port_info 0 /INPUT 4 "piso_init";
    .port_info 1 /INPUT 4 "pisos_bajar";
    .port_info 2 /INPUT 4 "A_reg";
    .port_info 3 /OUTPUT 4 "A_minus1";
    .port_info 4 /OUTPUT 1 "A_eq_min";
    .port_info 5 /OUTPUT 4 "B_restantes";
L_0000020e3df06160 .functor BUFT 1, C4<1>, C4<0>, C4<0>, C4<0>;
L_0000020e3df73ac0 .functor XOR 1, L_0000020e3df6b100, L_0000020e3df06160, C4<0>, C4<0>;
L_0000020e3df72710 .functor NOT 1, L_0000020e3df6bb00, C4<0>, C4<0>, C4<0>;
L_0000020e3df725c0 .functor XOR 1, L_0000020e3df6b1a0, L_0000020e3df72710, C4<0>, C4<0>;
L_0000020e3df737b0 .functor NOT 1, L_0000020e3df6bd80, C4<0>, C4<0>, C4<0>;
L_0000020e3df720f0 .functor AND 1, L_0000020e3df737b0, L_0000020e3df72710, C4<1>, C4<1>;
L_0000020e3df734a0 .functor XOR 1, L_0000020e3df6bf60, L_0000020e3df720f0, C4<0>, C4<0>;
L_0000020e3df72940 .functor NOT 1, L_0000020e3df6b880, C4<0>, C4<0>, C4<0>;
L_0000020e3df72400 .functor AND 1, L_0000020e3df72940, L_0000020e3df720f0, C4<1>, C4<1>;
L_0000020e3df73900 .functor XOR 1, L_0000020e3df6a480, L_0000020e3df72400, C4<0>, C4<0>;
L_0000020e3df729b0 .functor NOT 1, L_0000020e3df6a660, C4<0>, C4<0>, C4<0>;
L_0000020e3df735f0 .functor NOT 1, L_0000020e3df6b240, C4<0>, C4<0>, C4<0>;
L_0000020e3df73270 .functor AND 1, L_0000020e3df729b0, L_0000020e3df735f0, C4<1>, C4<1>;
L_0000020e3df73970 .functor NOT 1, L_0000020e3df6a7a0, C4<0>, C4<0>, C4<0>;
L_0000020e3df736d0 .functor AND 1, L_0000020e3df73270, L_0000020e3df73970, C4<1>, C4<1>;
L_0000020e3df72e80 .functor NOT 1, L_0000020e3df6b600, C4<0>, C4<0>, C4<0>;
L_0000020e3df73ba0 .functor AND 1, L_0000020e3df736d0, L_0000020e3df72e80, C4<1>, C4<1>;
L_0000020e3df727f0 .functor XOR 1, L_0000020e3df6b9c0, L_0000020e3df6b6a0, C4<0>, C4<0>;
L_0000020e3df730b0 .functor NOT 1, L_0000020e3df69c60, C4<0>, C4<0>, C4<0>;
L_0000020e3df72be0 .functor AND 1, L_0000020e3df730b0, L_0000020e3df6c000, C4<1>, C4<1>;
L_0000020e3df72e10 .functor XOR 1, L_0000020e3df6a840, L_0000020e3df69d00, C4<0>, C4<0>;
L_0000020e3df73190 .functor XOR 1, L_0000020e3df72e10, L_0000020e3df72be0, C4<0>, C4<0>;
L_0000020e3df73b30 .functor NOT 1, L_0000020e3df6b560, C4<0>, C4<0>, C4<0>;
L_0000020e3df732e0 .functor AND 1, L_0000020e3df73b30, L_0000020e3df6ac00, C4<1>, C4<1>;
L_0000020e3df72da0 .functor NOT 1, L_0000020e3df6b920, C4<0>, C4<0>, C4<0>;
L_0000020e3df733c0 .functor AND 1, L_0000020e3df72da0, L_0000020e3df72be0, C4<1>, C4<1>;
L_0000020e3df73430 .functor OR 1, L_0000020e3df732e0, L_0000020e3df733c0, C4<0>, C4<0>;
L_0000020e3df72390 .functor AND 1, L_0000020e3df6a980, L_0000020e3df72be0, C4<1>, C4<1>;
L_0000020e3df73510 .functor OR 1, L_0000020e3df73430, L_0000020e3df72390, C4<0>, C4<0>;
L_0000020e3df72b00 .functor XOR 1, L_0000020e3df6ab60, L_0000020e3df6ad40, C4<0>, C4<0>;
L_0000020e3df72b70 .functor XOR 1, L_0000020e3df72b00, L_0000020e3df73510, C4<0>, C4<0>;
L_0000020e3df72c50 .functor NOT 1, L_0000020e3df6af20, C4<0>, C4<0>, C4<0>;
L_0000020e3df73820 .functor AND 1, L_0000020e3df72c50, L_0000020e3df6bba0, C4<1>, C4<1>;
L_0000020e3df72ef0 .functor NOT 1, L_0000020e3df6b380, C4<0>, C4<0>, C4<0>;
L_0000020e3df73580 .functor AND 1, L_0000020e3df72ef0, L_0000020e3df73510, C4<1>, C4<1>;
L_0000020e3df73c10 .functor OR 1, L_0000020e3df73820, L_0000020e3df73580, C4<0>, C4<0>;
L_0000020e3df72160 .functor AND 1, L_0000020e3df6b420, L_0000020e3df73510, C4<1>, C4<1>;
L_0000020e3df73660 .functor OR 1, L_0000020e3df73c10, L_0000020e3df72160, C4<0>, C4<0>;
L_0000020e3df73740 .functor XOR 1, L_0000020e3df6bce0, L_0000020e3df69da0, C4<0>, C4<0>;
L_0000020e3df721d0 .functor XOR 1, L_0000020e3df73740, L_0000020e3df73660, C4<0>, C4<0>;
L_0000020e3df72240 .functor NOT 1, L_0000020e3df6ba60, C4<0>, C4<0>, C4<0>;
L_0000020e3df722b0 .functor AND 1, L_0000020e3df72240, L_0000020e3df6ca00, C4<1>, C4<1>;
L_0000020e3df72320 .functor NOT 1, L_0000020e3df6e440, C4<0>, C4<0>, C4<0>;
L_0000020e3df724e0 .functor AND 1, L_0000020e3df72320, L_0000020e3df73660, C4<1>, C4<1>;
L_0000020e3df73d60 .functor OR 1, L_0000020e3df722b0, L_0000020e3df724e0, C4<0>, C4<0>;
L_0000020e3df73dd0 .functor AND 1, L_0000020e3df6cdc0, L_0000020e3df73660, C4<1>, C4<1>;
L_0000020e3df73e40 .functor OR 1, L_0000020e3df73d60, L_0000020e3df73dd0, C4<0>, C4<0>;
L_0000020e3df73eb0 .functor AND 1, L_0000020e3df73e40, L_0000020e3df6cbe0, C4<1>, C4<1>;
L_0000020e3df73f20 .functor NOT 1, L_0000020e3df73e40, C4<0>, C4<0>, C4<0>;
L_0000020e3df73f90 .functor AND 1, L_0000020e3df73f20, L_0000020e3df6c960, C4<1>, C4<1>;
L_0000020e3df73c80 .functor OR 1, L_0000020e3df73eb0, L_0000020e3df73f90, C4<0>, C4<0>;
L_0000020e3df73cf0 .functor AND 1, L_0000020e3df73e40, L_0000020e3df6c780, C4<1>, C4<1>;
L_0000020e3df752f0 .functor NOT 1, L_0000020e3df73e40, C4<0>, C4<0>, C4<0>;
L_0000020e3df74bf0 .functor AND 1, L_0000020e3df752f0, L_0000020e3df6e080, C4<1>, C4<1>;
L_0000020e3df757c0 .functor OR 1, L_0000020e3df73cf0, L_0000020e3df74bf0, C4<0>, C4<0>;
L_0000020e3df74c60 .functor AND 1, L_0000020e3df73e40, L_0000020e3df6d180, C4<1>, C4<1>;
L_0000020e3df74fe0 .functor NOT 1, L_0000020e3df73e40, C4<0>, C4<0>, C4<0>;
L_0000020e3df74cd0 .functor AND 1, L_0000020e3df74fe0, L_0000020e3df6d860, C4<1>, C4<1>;
L_0000020e3df74d40 .functor OR 1, L_0000020e3df74c60, L_0000020e3df74cd0, C4<0>, C4<0>;
L_0000020e3df75130 .functor AND 1, L_0000020e3df73e40, L_0000020e3df6c1e0, C4<1>, C4<1>;
L_0000020e3df759f0 .functor NOT 1, L_0000020e3df73e40, C4<0>, C4<0>, C4<0>;
L_0000020e3df758a0 .functor AND 1, L_0000020e3df759f0, L_0000020e3df6d220, C4<1>, C4<1>;
L_0000020e3df74640 .functor OR 1, L_0000020e3df75130, L_0000020e3df758a0, C4<0>, C4<0>;
v0000020e3deddc40_0 .net "A_eq_min", 0 0, L_0000020e3df73ba0;  alias, 1 drivers
v0000020e3deddce0_0 .net "A_minus1", 3 0, L_0000020e3df6a3e0;  alias, 1 drivers
v0000020e3dede000_0 .net "A_reg", 3 0, v0000020e3deda5e0_0;  alias, 1 drivers
v0000020e3dedde20_0 .net "B_restantes", 3 0, L_0000020e3df6e4e0;  alias, 1 drivers
v0000020e3deddec0_0 .net *"_ivl_100", 0 0, L_0000020e3df6b920;  1 drivers
v0000020e3ded6580_0 .net *"_ivl_101", 0 0, L_0000020e3df72da0;  1 drivers
v0000020e3ded7a20_0 .net *"_ivl_103", 0 0, L_0000020e3df733c0;  1 drivers
v0000020e3ded7700_0 .net *"_ivl_105", 0 0, L_0000020e3df73430;  1 drivers
v0000020e3ded6440_0 .net *"_ivl_108", 0 0, L_0000020e3df6a980;  1 drivers
v0000020e3ded8600_0 .net *"_ivl_109", 0 0, L_0000020e3df72390;  1 drivers
v0000020e3ded7980_0 .net *"_ivl_116", 0 0, L_0000020e3df6ab60;  1 drivers
v0000020e3ded63a0_0 .net *"_ivl_118", 0 0, L_0000020e3df6ad40;  1 drivers
v0000020e3ded82e0_0 .net *"_ivl_119", 0 0, L_0000020e3df72b00;  1 drivers
v0000020e3ded86a0_0 .net *"_ivl_121", 0 0, L_0000020e3df72b70;  1 drivers
v0000020e3ded6d00_0 .net *"_ivl_124", 0 0, L_0000020e3df6af20;  1 drivers
v0000020e3ded6bc0_0 .net *"_ivl_125", 0 0, L_0000020e3df72c50;  1 drivers
v0000020e3ded6da0_0 .net *"_ivl_128", 0 0, L_0000020e3df6bba0;  1 drivers
v0000020e3ded6760_0 .net *"_ivl_129", 0 0, L_0000020e3df73820;  1 drivers
v0000020e3ded78e0_0 .net *"_ivl_132", 0 0, L_0000020e3df6b380;  1 drivers
v0000020e3ded84c0_0 .net *"_ivl_133", 0 0, L_0000020e3df72ef0;  1 drivers
v0000020e3ded8740_0 .net *"_ivl_135", 0 0, L_0000020e3df73580;  1 drivers
v0000020e3ded7ac0_0 .net *"_ivl_137", 0 0, L_0000020e3df73c10;  1 drivers
v0000020e3ded75c0_0 .net *"_ivl_140", 0 0, L_0000020e3df6b420;  1 drivers
v0000020e3ded7b60_0 .net *"_ivl_141", 0 0, L_0000020e3df72160;  1 drivers
v0000020e3ded7160_0 .net *"_ivl_149", 0 0, L_0000020e3df6bce0;  1 drivers
v0000020e3ded7480_0 .net *"_ivl_15", 0 0, L_0000020e3df6b1a0;  1 drivers
v0000020e3ded8b00_0 .net *"_ivl_151", 0 0, L_0000020e3df69da0;  1 drivers
v0000020e3ded6800_0 .net *"_ivl_152", 0 0, L_0000020e3df73740;  1 drivers
v0000020e3ded69e0_0 .net *"_ivl_154", 0 0, L_0000020e3df721d0;  1 drivers
v0000020e3ded87e0_0 .net *"_ivl_157", 0 0, L_0000020e3df6ba60;  1 drivers
v0000020e3ded68a0_0 .net *"_ivl_158", 0 0, L_0000020e3df72240;  1 drivers
v0000020e3ded6c60_0 .net *"_ivl_16", 0 0, L_0000020e3df725c0;  1 drivers
v0000020e3ded77a0_0 .net *"_ivl_161", 0 0, L_0000020e3df6ca00;  1 drivers
v0000020e3ded8880_0 .net *"_ivl_162", 0 0, L_0000020e3df722b0;  1 drivers
v0000020e3ded64e0_0 .net *"_ivl_165", 0 0, L_0000020e3df6e440;  1 drivers
v0000020e3ded8920_0 .net *"_ivl_166", 0 0, L_0000020e3df72320;  1 drivers
v0000020e3ded6620_0 .net *"_ivl_168", 0 0, L_0000020e3df724e0;  1 drivers
v0000020e3ded66c0_0 .net *"_ivl_170", 0 0, L_0000020e3df73d60;  1 drivers
v0000020e3ded7660_0 .net *"_ivl_173", 0 0, L_0000020e3df6cdc0;  1 drivers
v0000020e3ded6940_0 .net *"_ivl_174", 0 0, L_0000020e3df73dd0;  1 drivers
v0000020e3ded7c00_0 .net *"_ivl_181", 0 0, L_0000020e3df6cbe0;  1 drivers
v0000020e3ded8240_0 .net *"_ivl_182", 0 0, L_0000020e3df73eb0;  1 drivers
v0000020e3ded6e40_0 .net *"_ivl_184", 0 0, L_0000020e3df73f20;  1 drivers
v0000020e3ded81a0_0 .net *"_ivl_187", 0 0, L_0000020e3df6c960;  1 drivers
v0000020e3ded6ee0_0 .net *"_ivl_188", 0 0, L_0000020e3df73f90;  1 drivers
v0000020e3ded7ca0_0 .net *"_ivl_19", 0 0, L_0000020e3df6bd80;  1 drivers
v0000020e3ded7840_0 .net *"_ivl_190", 0 0, L_0000020e3df73c80;  1 drivers
v0000020e3ded6a80_0 .net *"_ivl_195", 0 0, L_0000020e3df6c780;  1 drivers
v0000020e3ded8380_0 .net *"_ivl_196", 0 0, L_0000020e3df73cf0;  1 drivers
v0000020e3ded7d40_0 .net *"_ivl_198", 0 0, L_0000020e3df752f0;  1 drivers
v0000020e3ded7340_0 .net *"_ivl_20", 0 0, L_0000020e3df737b0;  1 drivers
v0000020e3ded7fc0_0 .net *"_ivl_201", 0 0, L_0000020e3df6e080;  1 drivers
v0000020e3ded6b20_0 .net *"_ivl_202", 0 0, L_0000020e3df74bf0;  1 drivers
v0000020e3ded7de0_0 .net *"_ivl_204", 0 0, L_0000020e3df757c0;  1 drivers
v0000020e3ded6f80_0 .net *"_ivl_209", 0 0, L_0000020e3df6d180;  1 drivers
v0000020e3ded7e80_0 .net *"_ivl_210", 0 0, L_0000020e3df74c60;  1 drivers
v0000020e3ded7f20_0 .net *"_ivl_212", 0 0, L_0000020e3df74fe0;  1 drivers
v0000020e3ded7200_0 .net *"_ivl_215", 0 0, L_0000020e3df6d860;  1 drivers
v0000020e3ded7520_0 .net *"_ivl_216", 0 0, L_0000020e3df74cd0;  1 drivers
v0000020e3ded7020_0 .net *"_ivl_218", 0 0, L_0000020e3df74d40;  1 drivers
v0000020e3ded70c0_0 .net *"_ivl_224", 0 0, L_0000020e3df6c1e0;  1 drivers
v0000020e3ded72a0_0 .net *"_ivl_225", 0 0, L_0000020e3df75130;  1 drivers
v0000020e3ded89c0_0 .net *"_ivl_227", 0 0, L_0000020e3df759f0;  1 drivers
v0000020e3ded73e0_0 .net *"_ivl_230", 0 0, L_0000020e3df6d220;  1 drivers
v0000020e3ded8060_0 .net *"_ivl_231", 0 0, L_0000020e3df758a0;  1 drivers
v0000020e3ded8100_0 .net *"_ivl_233", 0 0, L_0000020e3df74640;  1 drivers
v0000020e3ded8a60_0 .net *"_ivl_27", 0 0, L_0000020e3df6bf60;  1 drivers
v0000020e3ded8420_0 .net *"_ivl_28", 0 0, L_0000020e3df734a0;  1 drivers
v0000020e3ded8560_0 .net *"_ivl_3", 0 0, L_0000020e3df6b100;  1 drivers
v0000020e3ded8c40_0 .net *"_ivl_31", 0 0, L_0000020e3df6b880;  1 drivers
v0000020e3ded8d80_0 .net *"_ivl_32", 0 0, L_0000020e3df72940;  1 drivers
v0000020e3ded9e60_0 .net/2u *"_ivl_4", 0 0, L_0000020e3df06160;  1 drivers
v0000020e3ded9000_0 .net *"_ivl_40", 0 0, L_0000020e3df6a480;  1 drivers
v0000020e3deda400_0 .net *"_ivl_41", 0 0, L_0000020e3df73900;  1 drivers
v0000020e3dedaa40_0 .net *"_ivl_44", 0 0, L_0000020e3df6a660;  1 drivers
v0000020e3ded95a0_0 .net *"_ivl_45", 0 0, L_0000020e3df729b0;  1 drivers
v0000020e3dedafe0_0 .net *"_ivl_48", 0 0, L_0000020e3df6b240;  1 drivers
v0000020e3ded9140_0 .net *"_ivl_49", 0 0, L_0000020e3df735f0;  1 drivers
v0000020e3dedb260_0 .net *"_ivl_51", 0 0, L_0000020e3df73270;  1 drivers
v0000020e3ded90a0_0 .net *"_ivl_54", 0 0, L_0000020e3df6a7a0;  1 drivers
v0000020e3deda040_0 .net *"_ivl_55", 0 0, L_0000020e3df73970;  1 drivers
v0000020e3deda180_0 .net *"_ivl_57", 0 0, L_0000020e3df736d0;  1 drivers
v0000020e3ded9640_0 .net *"_ivl_6", 0 0, L_0000020e3df73ac0;  1 drivers
v0000020e3ded8ce0_0 .net *"_ivl_60", 0 0, L_0000020e3df6b600;  1 drivers
v0000020e3deda220_0 .net *"_ivl_61", 0 0, L_0000020e3df72e80;  1 drivers
v0000020e3dedb300_0 .net *"_ivl_68", 0 0, L_0000020e3df6b9c0;  1 drivers
v0000020e3ded8e20_0 .net *"_ivl_70", 0 0, L_0000020e3df6b6a0;  1 drivers
v0000020e3deda0e0_0 .net *"_ivl_71", 0 0, L_0000020e3df727f0;  1 drivers
v0000020e3ded91e0_0 .net *"_ivl_74", 0 0, L_0000020e3df69c60;  1 drivers
v0000020e3dedb1c0_0 .net *"_ivl_75", 0 0, L_0000020e3df730b0;  1 drivers
v0000020e3deda2c0_0 .net *"_ivl_78", 0 0, L_0000020e3df6c000;  1 drivers
v0000020e3ded98c0_0 .net *"_ivl_84", 0 0, L_0000020e3df6a840;  1 drivers
v0000020e3ded9aa0_0 .net *"_ivl_86", 0 0, L_0000020e3df69d00;  1 drivers
v0000020e3ded9280_0 .net *"_ivl_87", 0 0, L_0000020e3df72e10;  1 drivers
v0000020e3dedb120_0 .net *"_ivl_89", 0 0, L_0000020e3df73190;  1 drivers
v0000020e3ded8ec0_0 .net *"_ivl_9", 0 0, L_0000020e3df6bb00;  1 drivers
v0000020e3ded9460_0 .net *"_ivl_92", 0 0, L_0000020e3df6b560;  1 drivers
v0000020e3ded9f00_0 .net *"_ivl_93", 0 0, L_0000020e3df73b30;  1 drivers
v0000020e3dedad60_0 .net *"_ivl_96", 0 0, L_0000020e3df6ac00;  1 drivers
v0000020e3deda9a0_0 .net *"_ivl_97", 0 0, L_0000020e3df732e0;  1 drivers
v0000020e3deda7c0_0 .net "br0", 0 0, L_0000020e3df72be0;  1 drivers
v0000020e3ded9d20_0 .net "br1", 0 0, L_0000020e3df73510;  1 drivers
v0000020e3ded9780_0 .net "br2", 0 0, L_0000020e3df73660;  1 drivers
v0000020e3deda4a0_0 .net "br3", 0 0, L_0000020e3df73e40;  1 drivers
v0000020e3ded9500_0 .net "d0", 0 0, L_0000020e3df72710;  1 drivers
v0000020e3deda360_0 .net "d1", 0 0, L_0000020e3df720f0;  1 drivers
v0000020e3ded9960_0 .net "d2", 0 0, L_0000020e3df72400;  1 drivers
v0000020e3deda540_0 .net "diff", 3 0, L_0000020e3df6be20;  1 drivers
v0000020e3deda680_0 .net "piso_init", 3 0, v0000020e3df00060_0;  alias, 1 drivers
v0000020e3ded9320_0 .net "pisos_bajar", 3 0, v0000020e3df006a0_0;  alias, 1 drivers
L_0000020e3df6b100 .part v0000020e3deda5e0_0, 0, 1;
L_0000020e3df6bb00 .part v0000020e3deda5e0_0, 0, 1;
L_0000020e3df6b1a0 .part v0000020e3deda5e0_0, 1, 1;
L_0000020e3df6bd80 .part v0000020e3deda5e0_0, 1, 1;
L_0000020e3df6bf60 .part v0000020e3deda5e0_0, 2, 1;
L_0000020e3df6b880 .part v0000020e3deda5e0_0, 2, 1;
L_0000020e3df6a3e0 .concat8 [ 1 1 1 1], L_0000020e3df73ac0, L_0000020e3df725c0, L_0000020e3df734a0, L_0000020e3df73900;
L_0000020e3df6a480 .part v0000020e3deda5e0_0, 3, 1;
L_0000020e3df6a660 .part v0000020e3deda5e0_0, 3, 1;
L_0000020e3df6b240 .part v0000020e3deda5e0_0, 2, 1;
L_0000020e3df6a7a0 .part v0000020e3deda5e0_0, 1, 1;
L_0000020e3df6b600 .part v0000020e3deda5e0_0, 0, 1;
L_0000020e3df6b9c0 .part v0000020e3df00060_0, 0, 1;
L_0000020e3df6b6a0 .part v0000020e3df006a0_0, 0, 1;
L_0000020e3df69c60 .part v0000020e3df00060_0, 0, 1;
L_0000020e3df6c000 .part v0000020e3df006a0_0, 0, 1;
L_0000020e3df6a840 .part v0000020e3df00060_0, 1, 1;
L_0000020e3df69d00 .part v0000020e3df006a0_0, 1, 1;
L_0000020e3df6b560 .part v0000020e3df00060_0, 1, 1;
L_0000020e3df6ac00 .part v0000020e3df006a0_0, 1, 1;
L_0000020e3df6b920 .part v0000020e3df00060_0, 1, 1;
L_0000020e3df6a980 .part v0000020e3df006a0_0, 1, 1;
L_0000020e3df6ab60 .part v0000020e3df00060_0, 2, 1;
L_0000020e3df6ad40 .part v0000020e3df006a0_0, 2, 1;
L_0000020e3df6af20 .part v0000020e3df00060_0, 2, 1;
L_0000020e3df6bba0 .part v0000020e3df006a0_0, 2, 1;
L_0000020e3df6b380 .part v0000020e3df00060_0, 2, 1;
L_0000020e3df6b420 .part v0000020e3df006a0_0, 2, 1;
L_0000020e3df6be20 .concat8 [ 1 1 1 1], L_0000020e3df727f0, L_0000020e3df73190, L_0000020e3df72b70, L_0000020e3df721d0;
L_0000020e3df6bce0 .part v0000020e3df00060_0, 3, 1;
L_0000020e3df69da0 .part v0000020e3df006a0_0, 3, 1;
L_0000020e3df6ba60 .part v0000020e3df00060_0, 3, 1;
L_0000020e3df6ca00 .part v0000020e3df006a0_0, 3, 1;
L_0000020e3df6e440 .part v0000020e3df00060_0, 3, 1;
L_0000020e3df6cdc0 .part v0000020e3df006a0_0, 3, 1;
L_0000020e3df6cbe0 .part v0000020e3df00060_0, 0, 1;
L_0000020e3df6c960 .part v0000020e3df006a0_0, 0, 1;
L_0000020e3df6c780 .part v0000020e3df00060_0, 1, 1;
L_0000020e3df6e080 .part v0000020e3df006a0_0, 1, 1;
L_0000020e3df6d180 .part v0000020e3df00060_0, 2, 1;
L_0000020e3df6d860 .part v0000020e3df006a0_0, 2, 1;
L_0000020e3df6e4e0 .concat8 [ 1 1 1 1], L_0000020e3df73c80, L_0000020e3df757c0, L_0000020e3df74d40, L_0000020e3df74640;
L_0000020e3df6c1e0 .part v0000020e3df00060_0, 3, 1;
L_0000020e3df6d220 .part v0000020e3df006a0_0, 3, 1;
S_0000020e3dd4d320 .scope autofunction.vec4.s8, "hex_char" "hex_char" 3 27, 3 27 0, S_0000020e3dd98640;
 .timescale -9 -12;
; Variable hex_char is vec4 return value of scope S_0000020e3dd4d320
v0000020e3df01500_0 .var "val", 3 0;
TD_tb_alu_ascensor.hex_char ;
    %load/vec4 v0000020e3df01500_0;
    %dup/vec4;
    %pushi/vec4 0, 0, 4;
    %cmp/u;
    %jmp/1 T_1.2, 6;
    %dup/vec4;
    %pushi/vec4 1, 0, 4;
    %cmp/u;
    %jmp/1 T_1.3, 6;
    %dup/vec4;
    %pushi/vec4 2, 0, 4;
    %cmp/u;
    %jmp/1 T_1.4, 6;
    %dup/vec4;
    %pushi/vec4 3, 0, 4;
    %cmp/u;
    %jmp/1 T_1.5, 6;
    %dup/vec4;
    %pushi/vec4 4, 0, 4;
    %cmp/u;
    %jmp/1 T_1.6, 6;
    %dup/vec4;
    %pushi/vec4 5, 0, 4;
    %cmp/u;
    %jmp/1 T_1.7, 6;
    %dup/vec4;
    %pushi/vec4 6, 0, 4;
    %cmp/u;
    %jmp/1 T_1.8, 6;
    %dup/vec4;
    %pushi/vec4 7, 0, 4;
    %cmp/u;
    %jmp/1 T_1.9, 6;
    %dup/vec4;
    %pushi/vec4 8, 0, 4;
    %cmp/u;
    %jmp/1 T_1.10, 6;
    %dup/vec4;
    %pushi/vec4 9, 0, 4;
    %cmp/u;
    %jmp/1 T_1.11, 6;
    %dup/vec4;
    %pushi/vec4 10, 0, 4;
    %cmp/u;
    %jmp/1 T_1.12, 6;
    %dup/vec4;
    %pushi/vec4 11, 0, 4;
    %cmp/u;
    %jmp/1 T_1.13, 6;
    %dup/vec4;
    %pushi/vec4 12, 0, 4;
    %cmp/u;
    %jmp/1 T_1.14, 6;
    %dup/vec4;
    %pushi/vec4 13, 0, 4;
    %cmp/u;
    %jmp/1 T_1.15, 6;
    %dup/vec4;
    %pushi/vec4 14, 0, 4;
    %cmp/u;
    %jmp/1 T_1.16, 6;
    %dup/vec4;
    %pushi/vec4 15, 0, 4;
    %cmp/u;
    %jmp/1 T_1.17, 6;
    %jmp T_1.18;
T_1.2 ;
    %pushi/vec4 48, 0, 8; draw_string_vec4
    %ret/vec4 0, 0, 8;  Assign to hex_char (store_vec4_to_lval)
    %jmp T_1.18;
T_1.3 ;
    %pushi/vec4 49, 0, 8; draw_string_vec4
    %ret/vec4 0, 0, 8;  Assign to hex_char (store_vec4_to_lval)
    %jmp T_1.18;
T_1.4 ;
    %pushi/vec4 50, 0, 8; draw_string_vec4
    %ret/vec4 0, 0, 8;  Assign to hex_char (store_vec4_to_lval)
    %jmp T_1.18;
T_1.5 ;
    %pushi/vec4 51, 0, 8; draw_string_vec4
    %ret/vec4 0, 0, 8;  Assign to hex_char (store_vec4_to_lval)
    %jmp T_1.18;
T_1.6 ;
    %pushi/vec4 52, 0, 8; draw_string_vec4
    %ret/vec4 0, 0, 8;  Assign to hex_char (store_vec4_to_lval)
    %jmp T_1.18;
T_1.7 ;
    %pushi/vec4 53, 0, 8; draw_string_vec4
    %ret/vec4 0, 0, 8;  Assign to hex_char (store_vec4_to_lval)
    %jmp T_1.18;
T_1.8 ;
    %pushi/vec4 54, 0, 8; draw_string_vec4
    %ret/vec4 0, 0, 8;  Assign to hex_char (store_vec4_to_lval)
    %jmp T_1.18;
T_1.9 ;
    %pushi/vec4 55, 0, 8; draw_string_vec4
    %ret/vec4 0, 0, 8;  Assign to hex_char (store_vec4_to_lval)
    %jmp T_1.18;
T_1.10 ;
    %pushi/vec4 56, 0, 8; draw_string_vec4
    %ret/vec4 0, 0, 8;  Assign to hex_char (store_vec4_to_lval)
    %jmp T_1.18;
T_1.11 ;
    %pushi/vec4 57, 0, 8; draw_string_vec4
    %ret/vec4 0, 0, 8;  Assign to hex_char (store_vec4_to_lval)
    %jmp T_1.18;
T_1.12 ;
    %pushi/vec4 65, 0, 8; draw_string_vec4
    %ret/vec4 0, 0, 8;  Assign to hex_char (store_vec4_to_lval)
    %jmp T_1.18;
T_1.13 ;
    %pushi/vec4 66, 0, 8; draw_string_vec4
    %ret/vec4 0, 0, 8;  Assign to hex_char (store_vec4_to_lval)
    %jmp T_1.18;
T_1.14 ;
    %pushi/vec4 67, 0, 8; draw_string_vec4
    %ret/vec4 0, 0, 8;  Assign to hex_char (store_vec4_to_lval)
    %jmp T_1.18;
T_1.15 ;
    %pushi/vec4 68, 0, 8; draw_string_vec4
    %ret/vec4 0, 0, 8;  Assign to hex_char (store_vec4_to_lval)
    %jmp T_1.18;
T_1.16 ;
    %pushi/vec4 69, 0, 8; draw_string_vec4
    %ret/vec4 0, 0, 8;  Assign to hex_char (store_vec4_to_lval)
    %jmp T_1.18;
T_1.17 ;
    %pushi/vec4 70, 0, 8; draw_string_vec4
    %ret/vec4 0, 0, 8;  Assign to hex_char (store_vec4_to_lval)
    %jmp T_1.18;
T_1.18 ;
    %pop/vec4 1;
    %end;
S_0000020e3de7f7e0 .scope autotask, "print_state" "print_state" 3 53, 3 53 0, S_0000020e3dd98640;
 .timescale -9 -12;
v0000020e3deff2a0_0 .var "c", 7 0;
v0000020e3df007e0_0 .var "direccion", 0 0;
v0000020e3deff520_0 .var "done_sig", 0 0;
v0000020e3deff340_0 .var "lvl", 2 0;
v0000020e3df01280_0 .var "pct", 6 0;
v0000020e3df01320_0 .var "piso", 3 0;
v0000020e3deff7a0_0 .var "segmentos", 6 0;
TD_tb_alu_ascensor.print_state ;
    %alloc S_0000020e3de7fe00;
    %load/vec4 v0000020e3deff340_0;
    %store/vec4 v0000020e3df01640_0, 0, 3;
    %callf/vec4 TD_tb_alu_ascensor.pwm_pct, S_0000020e3de7fe00;
    %free S_0000020e3de7fe00;
    %store/vec4 v0000020e3df01280_0, 0, 7;
    %alloc S_0000020e3dd4d320;
    %load/vec4 v0000020e3df01320_0;
    %store/vec4 v0000020e3df01500_0, 0, 4;
    %callf/vec4 TD_tb_alu_ascensor.hex_char, S_0000020e3dd4d320;
    %free S_0000020e3dd4d320;
    %store/vec4 v0000020e3deff2a0_0, 0, 8;
    %load/vec4 v0000020e3df007e0_0;
    %flag_set/vec4 8;
    %jmp/0 T_2.19, 8;
    %pushi/vec4 1111575105, 0, 32; draw_string_vec4
    %jmp/1 T_2.20, 8;
T_2.19 ; End of true expr.
    %pushi/vec4 1398096453, 0, 32; draw_string_vec4
    %jmp/0 T_2.20, 8;
 ; End of false expr.
    %blend;
T_2.20;
    %vpi_call/w 3 64 "$display", "| Piso: %2d (hex: %s) | Dir: %s | PWM: %3d%% (%03b) | seg: %b | done: %b |", v0000020e3df01320_0, v0000020e3deff2a0_0, S<0,vec4,u32>, v0000020e3df01280_0, v0000020e3deff340_0, v0000020e3deff7a0_0, v0000020e3deff520_0 {1 0 0};
    %end;
S_0000020e3de7fe00 .scope autofunction.vec4.s7, "pwm_pct" "pwm_pct" 3 41, 3 41 0, S_0000020e3dd98640;
 .timescale -9 -12;
v0000020e3df01640_0 .var "lvl", 2 0;
; Variable pwm_pct is vec4 return value of scope S_0000020e3de7fe00
TD_tb_alu_ascensor.pwm_pct ;
    %load/vec4 v0000020e3df01640_0;
    %dup/vec4;
    %pushi/vec4 0, 0, 3;
    %cmp/u;
    %jmp/1 T_3.21, 6;
    %dup/vec4;
    %pushi/vec4 1, 0, 3;
    %cmp/u;
    %jmp/1 T_3.22, 6;
    %dup/vec4;
    %pushi/vec4 2, 0, 3;
    %cmp/u;
    %jmp/1 T_3.23, 6;
    %dup/vec4;
    %pushi/vec4 3, 0, 3;
    %cmp/u;
    %jmp/1 T_3.24, 6;
    %dup/vec4;
    %pushi/vec4 4, 0, 3;
    %cmp/u;
    %jmp/1 T_3.25, 6;
    %pushi/vec4 0, 0, 7;
    %ret/vec4 0, 0, 7;  Assign to pwm_pct (store_vec4_to_lval)
    %jmp T_3.27;
T_3.21 ;
    %pushi/vec4 0, 0, 7;
    %ret/vec4 0, 0, 7;  Assign to pwm_pct (store_vec4_to_lval)
    %jmp T_3.27;
T_3.22 ;
    %pushi/vec4 25, 0, 7;
    %ret/vec4 0, 0, 7;  Assign to pwm_pct (store_vec4_to_lval)
    %jmp T_3.27;
T_3.23 ;
    %pushi/vec4 50, 0, 7;
    %ret/vec4 0, 0, 7;  Assign to pwm_pct (store_vec4_to_lval)
    %jmp T_3.27;
T_3.24 ;
    %pushi/vec4 75, 0, 7;
    %ret/vec4 0, 0, 7;  Assign to pwm_pct (store_vec4_to_lval)
    %jmp T_3.27;
T_3.25 ;
    %pushi/vec4 100, 0, 7;
    %ret/vec4 0, 0, 7;  Assign to pwm_pct (store_vec4_to_lval)
    %jmp T_3.27;
T_3.27 ;
    %pop/vec4 1;
    %end;
    .scope S_0000020e3dd8a5a0;
T_4 ;
    %wait E_0000020e3de4a6c0;
    %load/vec4 v0000020e3df010a0_0;
    %inv;
    %flag_set/vec4 8;
    %jmp/0xz  T_4.0, 8;
    %pushi/vec4 0, 0, 4;
    %assign/vec4 v0000020e3deff160_0, 0;
    %jmp T_4.1;
T_4.0 ;
    %load/vec4 v0000020e3deffca0_0;
    %assign/vec4 v0000020e3deff160_0, 0;
T_4.1 ;
    %jmp T_4;
    .thread T_4;
    .scope S_0000020e3dd8a5a0;
T_5 ;
    %wait E_0000020e3de4a6c0;
    %load/vec4 v0000020e3df010a0_0;
    %inv;
    %flag_set/vec4 8;
    %jmp/0xz  T_5.0, 8;
    %pushi/vec4 1, 0, 4;
    %assign/vec4 v0000020e3deda5e0_0, 0;
    %pushi/vec4 0, 0, 4;
    %assign/vec4 v0000020e3dedaf40_0, 0;
    %jmp T_5.1;
T_5.0 ;
    %load/vec4 v0000020e3df01460_0;
    %assign/vec4 v0000020e3deda5e0_0, 0;
    %load/vec4 v0000020e3df001a0_0;
    %assign/vec4 v0000020e3dedaf40_0, 0;
T_5.1 ;
    %jmp T_5;
    .thread T_5;
    .scope S_0000020e3dd8a5a0;
T_6 ;
    %wait E_0000020e3de4a6c0;
    %load/vec4 v0000020e3df010a0_0;
    %inv;
    %flag_set/vec4 8;
    %jmp/0xz  T_6.0, 8;
    %pushi/vec4 0, 0, 1;
    %assign/vec4 v0000020e3deffc00_0, 0;
    %jmp T_6.1;
T_6.0 ;
    %load/vec4 v0000020e3deffe80_0;
    %assign/vec4 v0000020e3deffc00_0, 0;
T_6.1 ;
    %jmp T_6;
    .thread T_6;
    .scope S_0000020e3dd98640;
T_7 ;
    %delay 5000, 0;
    %load/vec4 v0000020e3df009c0_0;
    %inv;
    %store/vec4 v0000020e3df009c0_0, 0, 1;
    %jmp T_7;
    .thread T_7;
    .scope S_0000020e3dd98640;
T_8 ;
    %wait E_0000020e3de4a280;
    %load/vec4 v0000020e3df00a60_0;
    %inv;
    %flag_set/vec4 8;
    %jmp/0xz  T_8.0, 8;
    %pushi/vec4 15, 0, 4;
    %assign/vec4 v0000020e3df00240_0, 0;
    %pushi/vec4 1, 0, 1;
    %assign/vec4 v0000020e3df00c40_0, 0;
    %jmp T_8.1;
T_8.0 ;
    %load/vec4 v0000020e3deff660_0;
    %load/vec4 v0000020e3df00240_0;
    %cmp/ne;
    %jmp/1 T_8.4, 6;
    %flag_mov 8, 6;
    %load/vec4 v0000020e3defffc0_0;
    %load/vec4 v0000020e3df00c40_0;
    %cmp/ne;
    %flag_or 6, 8;
T_8.4;
    %jmp/0xz  T_8.2, 6;
    %alloc S_0000020e3de7f7e0;
    %load/vec4 v0000020e3deff660_0;
    %store/vec4 v0000020e3df01320_0, 0, 4;
    %load/vec4 v0000020e3df002e0_0;
    %store/vec4 v0000020e3deff340_0, 0, 3;
    %load/vec4 v0000020e3df00b00_0;
    %store/vec4 v0000020e3deff7a0_0, 0, 7;
    %load/vec4 v0000020e3df016e0_0;
    %store/vec4 v0000020e3df007e0_0, 0, 1;
    %load/vec4 v0000020e3defffc0_0;
    %store/vec4 v0000020e3deff520_0, 0, 1;
    %fork TD_tb_alu_ascensor.print_state, S_0000020e3de7f7e0;
    %join;
    %free S_0000020e3de7f7e0;
    %load/vec4 v0000020e3deff660_0;
    %assign/vec4 v0000020e3df00240_0, 0;
    %load/vec4 v0000020e3defffc0_0;
    %assign/vec4 v0000020e3df00c40_0, 0;
T_8.2 ;
T_8.1 ;
    %jmp T_8;
    .thread T_8;
    .scope S_0000020e3dd98640;
T_9 ;
    %vpi_call/w 3 109 "$dumpfile", "sim.vcd" {0 0 0};
    %vpi_call/w 3 110 "$dumpvars", 32'sb00000000000000000000000000000000, S_0000020e3dd98640 {0 0 0};
    %pushi/vec4 0, 0, 1;
    %store/vec4 v0000020e3df009c0_0, 0, 1;
    %pushi/vec4 0, 0, 1;
    %store/vec4 v0000020e3df00a60_0, 0, 1;
    %pushi/vec4 0, 0, 1;
    %store/vec4 v0000020e3defff20_0, 0, 1;
    %pushi/vec4 0, 0, 1;
    %store/vec4 v0000020e3df016e0_0, 0, 1;
    %pushi/vec4 0, 0, 4;
    %store/vec4 v0000020e3df00060_0, 0, 4;
    %pushi/vec4 0, 0, 4;
    %store/vec4 v0000020e3df006a0_0, 0, 4;
    %delay 12000, 0;
    %pushi/vec4 1, 0, 1;
    %store/vec4 v0000020e3df00a60_0, 0, 1;
    %vpi_call/w 3 120 "$display", "\012=== SUBE: piso 3 + 5 \342\206\222 esperado 8 (5 pasos x 100ns = 650ns total) ===" {0 0 0};
    %vpi_call/w 3 121 "$display", "|----------------------------------------------------------------------|" {0 0 0};
    %alloc S_0000020e3dd8a410;
    %pushi/vec4 3, 0, 4;
    %store/vec4 v0000020e3de69af0_0, 0, 4;
    %pushi/vec4 5, 0, 4;
    %store/vec4 v0000020e3de697d0_0, 0, 4;
    %pushi/vec4 0, 0, 1;
    %store/vec4 v0000020e3de6a630_0, 0, 1;
    %pushi/vec4 8, 0, 4;
    %store/vec4 v0000020e3de68bf0_0, 0, 4;
    %pushi/vec4 650, 0, 32;
    %store/vec4 v0000020e3de6b170_0, 0, 32;
    %fork TD_tb_alu_ascensor.do_test, S_0000020e3dd8a410;
    %join;
    %free S_0000020e3dd8a410;
    %vpi_call/w 3 124 "$display", "=== SUBE: piso 13 + 5 \342\206\222 satura en 15 (B efectivo = 2, 350ns total) ===" {0 0 0};
    %vpi_call/w 3 125 "$display", "|----------------------------------------------------------------------|" {0 0 0};
    %alloc S_0000020e3dd8a410;
    %pushi/vec4 13, 0, 4;
    %store/vec4 v0000020e3de69af0_0, 0, 4;
    %pushi/vec4 5, 0, 4;
    %store/vec4 v0000020e3de697d0_0, 0, 4;
    %pushi/vec4 0, 0, 1;
    %store/vec4 v0000020e3de6a630_0, 0, 1;
    %pushi/vec4 15, 0, 4;
    %store/vec4 v0000020e3de68bf0_0, 0, 4;
    %pushi/vec4 350, 0, 32;
    %store/vec4 v0000020e3de6b170_0, 0, 32;
    %fork TD_tb_alu_ascensor.do_test, S_0000020e3dd8a410;
    %join;
    %free S_0000020e3dd8a410;
    %vpi_call/w 3 128 "$display", "=== SUBE: piso 1 + 1 \342\206\222 piso 2 (1 paso, 250ns total) ===" {0 0 0};
    %vpi_call/w 3 129 "$display", "|----------------------------------------------------------------------|" {0 0 0};
    %alloc S_0000020e3dd8a410;
    %pushi/vec4 1, 0, 4;
    %store/vec4 v0000020e3de69af0_0, 0, 4;
    %pushi/vec4 1, 0, 4;
    %store/vec4 v0000020e3de697d0_0, 0, 4;
    %pushi/vec4 0, 0, 1;
    %store/vec4 v0000020e3de6a630_0, 0, 1;
    %pushi/vec4 2, 0, 4;
    %store/vec4 v0000020e3de68bf0_0, 0, 4;
    %pushi/vec4 250, 0, 32;
    %store/vec4 v0000020e3de6b170_0, 0, 32;
    %fork TD_tb_alu_ascensor.do_test, S_0000020e3dd8a410;
    %join;
    %free S_0000020e3dd8a410;
    %vpi_call/w 3 132 "$display", "=== SUBE: piso 15 + 3 \342\206\222 ya en maximo (B efectivo = 0, done inmediato) ===" {0 0 0};
    %vpi_call/w 3 133 "$display", "|----------------------------------------------------------------------|" {0 0 0};
    %alloc S_0000020e3dd8a410;
    %pushi/vec4 15, 0, 4;
    %store/vec4 v0000020e3de69af0_0, 0, 4;
    %pushi/vec4 3, 0, 4;
    %store/vec4 v0000020e3de697d0_0, 0, 4;
    %pushi/vec4 0, 0, 1;
    %store/vec4 v0000020e3de6a630_0, 0, 1;
    %pushi/vec4 15, 0, 4;
    %store/vec4 v0000020e3de68bf0_0, 0, 4;
    %pushi/vec4 150, 0, 32;
    %store/vec4 v0000020e3de6b170_0, 0, 32;
    %fork TD_tb_alu_ascensor.do_test, S_0000020e3dd8a410;
    %join;
    %free S_0000020e3dd8a410;
    %vpi_call/w 3 137 "$display", "=== BAJA: piso 10 - 5 \342\206\222 esperado 5 (5 pasos, 650ns total) ===" {0 0 0};
    %vpi_call/w 3 138 "$display", "|----------------------------------------------------------------------|" {0 0 0};
    %alloc S_0000020e3dd8a410;
    %pushi/vec4 10, 0, 4;
    %store/vec4 v0000020e3de69af0_0, 0, 4;
    %pushi/vec4 5, 0, 4;
    %store/vec4 v0000020e3de697d0_0, 0, 4;
    %pushi/vec4 1, 0, 1;
    %store/vec4 v0000020e3de6a630_0, 0, 1;
    %pushi/vec4 5, 0, 4;
    %store/vec4 v0000020e3de68bf0_0, 0, 4;
    %pushi/vec4 650, 0, 32;
    %store/vec4 v0000020e3de6b170_0, 0, 32;
    %fork TD_tb_alu_ascensor.do_test, S_0000020e3dd8a410;
    %join;
    %free S_0000020e3dd8a410;
    %vpi_call/w 3 141 "$display", "=== BAJA: piso 3 - 5 \342\206\222 satura en 0 (B efectivo = 3, 450ns total) ===" {0 0 0};
    %vpi_call/w 3 142 "$display", "|----------------------------------------------------------------------|" {0 0 0};
    %alloc S_0000020e3dd8a410;
    %pushi/vec4 3, 0, 4;
    %store/vec4 v0000020e3de69af0_0, 0, 4;
    %pushi/vec4 5, 0, 4;
    %store/vec4 v0000020e3de697d0_0, 0, 4;
    %pushi/vec4 1, 0, 1;
    %store/vec4 v0000020e3de6a630_0, 0, 1;
    %pushi/vec4 0, 0, 4;
    %store/vec4 v0000020e3de68bf0_0, 0, 4;
    %pushi/vec4 450, 0, 32;
    %store/vec4 v0000020e3de6b170_0, 0, 32;
    %fork TD_tb_alu_ascensor.do_test, S_0000020e3dd8a410;
    %join;
    %free S_0000020e3dd8a410;
    %vpi_call/w 3 145 "$display", "=== BAJA: piso 8 - 1 \342\206\222 piso 7 (1 paso, 250ns total) ===" {0 0 0};
    %vpi_call/w 3 146 "$display", "|----------------------------------------------------------------------|" {0 0 0};
    %alloc S_0000020e3dd8a410;
    %pushi/vec4 8, 0, 4;
    %store/vec4 v0000020e3de69af0_0, 0, 4;
    %pushi/vec4 1, 0, 4;
    %store/vec4 v0000020e3de697d0_0, 0, 4;
    %pushi/vec4 1, 0, 1;
    %store/vec4 v0000020e3de6a630_0, 0, 1;
    %pushi/vec4 7, 0, 4;
    %store/vec4 v0000020e3de68bf0_0, 0, 4;
    %pushi/vec4 250, 0, 32;
    %store/vec4 v0000020e3de6b170_0, 0, 32;
    %fork TD_tb_alu_ascensor.do_test, S_0000020e3dd8a410;
    %join;
    %free S_0000020e3dd8a410;
    %vpi_call/w 3 149 "$display", "=== BAJA: piso 0 - 3 \342\206\222 ya en minimo (B efectivo = 0, done inmediato) ===" {0 0 0};
    %vpi_call/w 3 150 "$display", "|----------------------------------------------------------------------|" {0 0 0};
    %alloc S_0000020e3dd8a410;
    %pushi/vec4 0, 0, 4;
    %store/vec4 v0000020e3de69af0_0, 0, 4;
    %pushi/vec4 3, 0, 4;
    %store/vec4 v0000020e3de697d0_0, 0, 4;
    %pushi/vec4 1, 0, 1;
    %store/vec4 v0000020e3de6a630_0, 0, 1;
    %pushi/vec4 0, 0, 4;
    %store/vec4 v0000020e3de68bf0_0, 0, 4;
    %pushi/vec4 150, 0, 32;
    %store/vec4 v0000020e3de6b170_0, 0, 32;
    %fork TD_tb_alu_ascensor.do_test, S_0000020e3dd8a410;
    %join;
    %free S_0000020e3dd8a410;
    %vpi_call/w 3 153 "$finish" {0 0 0};
    %end;
    .thread T_9;
# The file index is used to find the file name in the following table.
:file_names 7;
    "N/A";
    "<interactive>";
    "-";
    "ALU_tb.sv";
    "ALU.sv";
    "ALU_Adder.sv";
    "ALU_Substractor.sv";
